country,1950,1951,1952,1953,1954,1955,1956,1957,1958,1959,1960,1961,1962,1963,1964,1965,1966,1967,1968,1969,1970,1971,1972,1973,1974,1975,1976,1977,1978,1979,1980,1981,1982,1983,1984,1985,1986,1987,1988,1989,1990,1991,1992,1993,1994,1995,1996,1997,1998,1999,2000,2001,2002,2003,2004,2005,2006,2007,2008,2009,2010,2011,2012,2013,2014,2015,2016,2017,2018,2019,2020,2021,2022,2023,2024,2025,2026,2027,2028,2029,2030,2031,2032,2033,2034,2035,2036,2037,2038,2039,2040,2041,2042,2043,2044,2045,2046,2047,2048,2049,2050,2051,2052,2053,2054,2055,2056,2057,2058,2059,2060,2061,2062,2063,2064,2065,2066,2067,2068,2069,2070,2071,2072,2073,2074,2075,2076,2077,2078,2079,2080,2081,2082,2083,2084,2085,2086,2087,2088,2089,2090,2091,2092,2093,2094,2095,2096,2097,2098,2099,2100
Afghanistan,19.4,0,0,0,0,19.2,0,0,0,0,18.8,0,0,0,0,18.4,0,0,0,0,17.9,0,0,0,0,17.4,0,0,0,0,17,0,0,0,0,16.3,0,0,0,0,15.9,0,0,0,0,16,0,0,0,0,15.7,0,0,0,0,16.1,0,0,0,0,16,0,0,0,0,17.3,0,0,0,0,18.6,0,0,0,0,20.1,0,0,0,0,21.9,0,0,0,0,23.6,0,0,0,0,25.2,0,0,0,0,27,0,0,0,0,28.9,0,0,0,0,30.7,0,0,0,0,32.5,0,0,0,0,34.3,0,0,0,0,35.9,0,0,0,0,37.5,0,0,0,0,39,0,0,0,0,40.3,0,0,0,0,41.4,0,0,0,0,42.3,0,0,0,0,43.2
Albania,21.2,0,0,0,0,20.6,0,0,0,0,20.2,0,0,0,0,19.7,0,0,0,0,19.6,0,0,0,0,20.2,0,0,0,0,21.4,0,0,0,0,22.8,0,0,0,0,24.1,0,0,0,0,24.7,0,0,0,0,27.1,0,0,0,0,29.2,0,0,0,0,32.3,0,0,0,0,36.2,0,0,0,0,38,0,0,0,0,39.8,0,0,0,0,41.5,0,0,0,0,43.3,0,0,0,0,45.3,0,0,0,0,47.5,0,0,0,0,49.5,0,0,0,0,50.6,0,0,0,0,50.9,0,0,0,0,51.4,0,0,0,0,52.1,0,0,0,0,52.8,0,0,0,0,53.3,0,0,0,0,53.7,0,0,0,0,53.6,0,0,0,0,53.3,0,0,0,0,53.2
Algeria,19.4,0,0,0,0,18.6,0,0,0,0,17.9,0,0,0,0,16.6,0,0,0,0,16.4,0,0,0,0,16.5,0,0,0,0,16.7,0,0,0,0,17.1,0,0,0,0,18,0,0,0,0,19.4,0,0,0,0,21.7,0,0,0,0,24.1,0,0,0,0,26,0,0,0,0,27.5,0,0,0,0,29.1,0,0,0,0,30.6,0,0,0,0,31.8,0,0,0,0,32.7,0,0,0,0,33.7,0,0,0,0,35.1,0,0,0,0,37,0,0,0,0,38.8,0,0,0,0,40.4,0,0,0,0,41.7,0,0,0,0,42.7,0,0,0,0,43.3,0,0,0,0,43.8,0,0,0,0,44.4,0,0,0,0,45.3,0,0,0,0,46.3,0,0,0,0,47.2
Angola,19.8,0,0,0,0,18.8,0,0,0,0,17.9,0,0,0,0,16.8,0,0,0,0,16.7,0,0,0,0,16.6,0,0,0,0,16.2,0,0,0,0,16,0,0,0,0,15.8,0,0,0,0,16,0,0,0,0,16.2,0,0,0,0,16.3,0,0,0,0,16.3,0,0,0,0,16.4,0,0,0,0,16.8,0,0,0,0,17.4,0,0,0,0,18.1,0,0,0,0,18.8,0,0,0,0,19.5,0,0,0,0,20.2,0,0,0,0,21.1,0,0,0,0,22.1,0,0,0,0,23,0,0,0,0,24,0,0,0,0,25,0,0,0,0,26,0,0,0,0,27,0,0,0,0,28,0,0,0,0,29,0,0,0,0,30,0,0,0,0,31
Antigua and Barbuda,20.6,0,0,0,0,20,0,0,0,0,18.1,0,0,0,0,18.2,0,0,0,0,18.7,0,0,0,0,19.8,0,0,0,0,21.8,0,0,0,0,23.4,0,0,0,0,24.4,0,0,0,0,26.6,0,0,0,0,28.3,0,0,0,0,28.5,0,0,0,0,29.3,0,0,0,0,30.7,0,0,0,0,32.1,0,0,0,0,33.5,0,0,0,0,35.1,0,0,0,0,36.7,0,0,0,0,38.2,0,0,0,0,39.5,0,0,0,0,40.5,0,0,0,0,41.3,0,0,0,0,42.1,0,0,0,0,43,0,0,0,0,43.9,0,0,0,0,44.8,0,0,0,0,45.5,0,0,0,0,46.1,0,0,0,0,46.5,0,0,0,0,46.9,0,0,0,0,47.3
Argentina,25.7,0,0,0,0,26.3,0,0,0,0,26.9,0,0,0,0,27.2,0,0,0,0,27.4,0,0,0,0,27.4,0,0,0,0,27.3,0,0,0,0,27.3,0,0,0,0,27.2,0,0,0,0,27.4,0,0,0,0,27.9,0,0,0,0,28.7,0,0,0,0,29.9,0,0,0,0,30.8,0,0,0,0,31.9,0,0,0,0,33,0,0,0,0,34.1,0,0,0,0,35.1,0,0,0,0,36.2,0,0,0,0,37.4,0,0,0,0,38.5,0,0,0,0,39.7,0,0,0,0,40.8,0,0,0,0,41.8,0,0,0,0,42.8,0,0,0,0,43.6,0,0,0,0,44.4,0,0,0,0,45.1,0,0,0,0,45.8,0,0,0,0,46.4,0,0,0,0,46.9
Armenia,22.4,0,0,0,0,22.7,0,0,0,0,22.4,0,0,0,0,20.6,0,0,0,0,20.3,0,0,0,0,21.8,0,0,0,0,23.5,0,0,0,0,25.3,0,0,0,0,27.2,0,0,0,0,29.4,0,0,0,0,30.6,0,0,0,0,31.8,0,0,0,0,32.9,0,0,0,0,33.9,0,0,0,0,35.7,0,0,0,0,38,0,0,0,0,40.4,0,0,0,0,42.6,0,0,0,0,44.3,0,0,0,0,45,0,0,0,0,45.5,0,0,0,0,46.6,0,0,0,0,48,0,0,0,0,49.3,0,0,0,0,50.3,0,0,0,0,50.7,0,0,0,0,50.4,0,0,0,0,50,0,0,0,0,50,0,0,0,0,50.3,0,0,0,0,50.6
Australia,30.4,0,0,0,0,30.2,0,0,0,0,29.6,0,0,0,0,28.4,0,0,0,0,27.4,0,0,0,0,28.1,0,0,0,0,29.3,0,0,0,0,30.7,0,0,0,0,32.1,0,0,0,0,33.6,0,0,0,0,35.4,0,0,0,0,36.6,0,0,0,0,36.9,0,0,0,0,37.4,0,0,0,0,37.9,0,0,0,0,38.9,0,0,0,0,39.8,0,0,0,0,40.6,0,0,0,0,41,0,0,0,0,41.2,0,0,0,0,41.5,0,0,0,0,41.9,0,0,0,0,42.5,0,0,0,0,43.1,0,0,0,0,43.7,0,0,0,0,44.1,0,0,0,0,44.5,0,0,0,0,44.9,0,0,0,0,45.4,0,0,0,0,46.1,0,0,0,0,46.7
Austria,35.7,0,0,0,0,35.1,0,0,0,0,35.4,0,0,0,0,34.7,0,0,0,0,33.6,0,0,0,0,33.9,0,0,0,0,35,0,0,0,0,35.8,0,0,0,0,36.5,0,0,0,0,36.3,0,0,0,0,38.2,0,0,0,0,40,0,0,0,0,41.9,0,0,0,0,43.2,0,0,0,0,44.4,0,0,0,0,45.3,0,0,0,0,46.5,0,0,0,0,47.7,0,0,0,0,48.8,0,0,0,0,49.7,0,0,0,0,49.9,0,0,0,0,49.5,0,0,0,0,49.1,0,0,0,0,48.9,0,0,0,0,49,0,0,0,0,49.2,0,0,0,0,49.3,0,0,0,0,49.2,0,0,0,0,49.1,0,0,0,0,49.1,0,0,0,0,49.4
Azerbaijan,21.7,0,0,0,0,22.1,0,0,0,0,22,0,0,0,0,19.1,0,0,0,0,18.2,0,0,0,0,19.1,0,0,0,0,20.9,0,0,0,0,22.8,0,0,0,0,24.1,0,0,0,0,24.6,0,0,0,0,25.6,0,0,0,0,27.1,0,0,0,0,28.7,0,0,0,0,30.3,0,0,0,0,32.4,0,0,0,0,34.6,0,0,0,0,36.7,0,0,0,0,38.3,0,0,0,0,39.2,0,0,0,0,39.5,0,0,0,0,40,0,0,0,0,41.4,0,0,0,0,42.7,0,0,0,0,43.6,0,0,0,0,44,0,0,0,0,44.1,0,0,0,0,44.3,0,0,0,0,44.8,0,0,0,0,45.3,0,0,0,0,45.8,0,0,0,0,46.1
Bahamas,20.7,0,0,0,0,20.1,0,0,0,0,19.3,0,0,0,0,18.7,0,0,0,0,19.1,0,0,0,0,19.7,0,0,0,0,20.2,0,0,0,0,21.8,0,0,0,0,23.6,0,0,0,0,25,0,0,0,0,27,0,0,0,0,29.1,0,0,0,0,30.9,0,0,0,0,32.5,0,0,0,0,34.3,0,0,0,0,36.1,0,0,0,0,38,0,0,0,0,39.8,0,0,0,0,41.3,0,0,0,0,42.1,0,0,0,0,42.7,0,0,0,0,43.4,0,0,0,0,44.2,0,0,0,0,44.9,0,0,0,0,45.6,0,0,0,0,46.2,0,0,0,0,46.5,0,0,0,0,46.7,0,0,0,0,46.9,0,0,0,0,47.2,0,0,0,0,47.5
Bahrain,18.9,0,0,0,0,19.2,0,0,0,0,19.6,0,0,0,0,16.8,0,0,0,0,17.5,0,0,0,0,19.3,0,0,0,0,22.3,0,0,0,0,25.2,0,0,0,0,25.4,0,0,0,0,26.4,0,0,0,0,26.6,0,0,0,0,27.8,0,0,0,0,30.1,0,0,0,0,31.2,0,0,0,0,32.4,0,0,0,0,33.5,0,0,0,0,34.1,0,0,0,0,35.5,0,0,0,0,36.9,0,0,0,0,37.9,0,0,0,0,39.8,0,0,0,0,41.7,0,0,0,0,43.4,0,0,0,0,45.1,0,0,0,0,46.3,0,0,0,0,47.4,0,0,0,0,48.2,0,0,0,0,48.9,0,0,0,0,49.2,0,0,0,0,49.1,0,0,0,0,49
Bangladesh,19.3,0,0,0,0,19.4,0,0,0,0,19.1,0,0,0,0,18.5,0,0,0,0,17.8,0,0,0,0,17.6,0,0,0,0,17.3,0,0,0,0,17.7,0,0,0,0,18.6,0,0,0,0,19.5,0,0,0,0,20.9,0,0,0,0,22.4,0,0,0,0,23.9,0,0,0,0,25.6,0,0,0,0,27.5,0,0,0,0,29.5,0,0,0,0,31.6,0,0,0,0,33.7,0,0,0,0,35.9,0,0,0,0,38,0,0,0,0,40,0,0,0,0,41.8,0,0,0,0,43.5,0,0,0,0,45.1,0,0,0,0,46.5,0,0,0,0,47.7,0,0,0,0,48.7,0,0,0,0,49.4,0,0,0,0,50,0,0,0,0,50.4,0,0,0,0,50.6
Barbados,24.6,0,0,0,0,24.2,0,0,0,0,22.4,0,0,0,0,20.7,0,0,0,0,21.2,0,0,0,0,23.7,0,0,0,0,24.3,0,0,0,0,26.3,0,0,0,0,28.3,0,0,0,0,31.1,0,0,0,0,33.5,0,0,0,0,35.2,0,0,0,0,37,0,0,0,0,38.5,0,0,0,0,39.8,0,0,0,0,41,0,0,0,0,41.9,0,0,0,0,42.5,0,0,0,0,42.9,0,0,0,0,43.1,0,0,0,0,43.4,0,0,0,0,43.6,0,0,0,0,43.8,0,0,0,0,44.1,0,0,0,0,44.4,0,0,0,0,44.7,0,0,0,0,45,0,0,0,0,45.3,0,0,0,0,45.7,0,0,0,0,46,0,0,0,0,46.3
Belarus,27.2,0,0,0,0,27.7,0,0,0,0,28.2,0,0,0,0,28.9,0,0,0,0,30.3,0,0,0,0,30.7,0,0,0,0,31.4,0,0,0,0,32,0,0,0,0,33.1,0,0,0,0,34.7,0,0,0,0,36.5,0,0,0,0,38.1,0,0,0,0,38.9,0,0,0,0,39.6,0,0,0,0,40.3,0,0,0,0,41.6,0,0,0,0,43.1,0,0,0,0,44.6,0,0,0,0,45.2,0,0,0,0,44.2,0,0,0,0,43.2,0,0,0,0,43.2,0,0,0,0,43.7,0,0,0,0,44.2,0,0,0,0,44.4,0,0,0,0,44,0,0,0,0,43.6,0,0,0,0,43.6,0,0,0,0,44.1,0,0,0,0,44.7,0,0,0,0,45.3
Belgium,35.5,0,0,0,0,34.6,0,0,0,0,35.1,0,0,0,0,34.9,0,0,0,0,34.6,0,0,0,0,34.3,0,0,0,0,34.3,0,0,0,0,35.3,0,0,0,0,36.5,0,0,0,0,37.6,0,0,0,0,39,0,0,0,0,40.3,0,0,0,0,40.9,0,0,0,0,41.3,0,0,0,0,41.8,0,0,0,0,42.6,0,0,0,0,43.4,0,0,0,0,44.2,0,0,0,0,44.7,0,0,0,0,44.8,0,0,0,0,44.7,0,0,0,0,44.8,0,0,0,0,45,0,0,0,0,45.3,0,0,0,0,45.5,0,0,0,0,45.7,0,0,0,0,45.8,0,0,0,0,46,0,0,0,0,46.3,0,0,0,0,46.7,0,0,0,0,47.1
Belize,20.8,0,0,0,0,18.6,0,0,0,0,17.8,0,0,0,0,16.5,0,0,0,0,16.3,0,0,0,0,16,0,0,0,0,16.4,0,0,0,0,17.2,0,0,0,0,17.9,0,0,0,0,18.4,0,0,0,0,19.2,0,0,0,0,20.2,0,0,0,0,21.9,0,0,0,0,23.5,0,0,0,0,25,0,0,0,0,26.7,0,0,0,0,28.4,0,0,0,0,30.1,0,0,0,0,31.5,0,0,0,0,32.9,0,0,0,0,34.3,0,0,0,0,35.7,0,0,0,0,37,0,0,0,0,38.3,0,0,0,0,39.5,0,0,0,0,40.5,0,0,0,0,41.4,0,0,0,0,42.2,0,0,0,0,42.9,0,0,0,0,43.5,0,0,0,0,44.2
Benin,24.2,0,0,0,0,22.3,0,0,0,0,20.9,0,0,0,0,20,0,0,0,0,19.1,0,0,0,0,18.3,0,0,0,0,17.7,0,0,0,0,17.3,0,0,0,0,17.1,0,0,0,0,17.2,0,0,0,0,17.3,0,0,0,0,17.6,0,0,0,0,17.9,0,0,0,0,18.2,0,0,0,0,18.8,0,0,0,0,19.4,0,0,0,0,20.1,0,0,0,0,20.9,0,0,0,0,21.8,0,0,0,0,22.6,0,0,0,0,23.5,0,0,0,0,24.4,0,0,0,0,25.3,0,0,0,0,26.3,0,0,0,0,27.2,0,0,0,0,28.1,0,0,0,0,29,0,0,0,0,29.9,0,0,0,0,30.8,0,0,0,0,31.7,0,0,0,0,32.6
Bhutan,18,0,0,0,0,18.5,0,0,0,0,18.8,0,0,0,0,18.8,0,0,0,0,18.8,0,0,0,0,18.4,0,0,0,0,18.2,0,0,0,0,17.9,0,0,0,0,17.9,0,0,0,0,17.6,0,0,0,0,18.8,0,0,0,0,21.4,0,0,0,0,23.8,0,0,0,0,26.3,0,0,0,0,28.6,0,0,0,0,30.9,0,0,0,0,33.1,0,0,0,0,35.2,0,0,0,0,37.2,0,0,0,0,39.1,0,0,0,0,40.9,0,0,0,0,42.6,0,0,0,0,44,0,0,0,0,45.4,0,0,0,0,46.5,0,0,0,0,47.3,0,0,0,0,47.8,0,0,0,0,48.2,0,0,0,0,48.4,0,0,0,0,48.6,0,0,0,0,48.8
Bolivia,20.5,0,0,0,0,19.4,0,0,0,0,18.8,0,0,0,0,18.6,0,0,0,0,18.5,0,0,0,0,18.6,0,0,0,0,18.7,0,0,0,0,18.8,0,0,0,0,19.1,0,0,0,0,19.7,0,0,0,0,20.5,0,0,0,0,21.6,0,0,0,0,22.8,0,0,0,0,24.1,0,0,0,0,25.4,0,0,0,0,26.8,0,0,0,0,28.2,0,0,0,0,29.6,0,0,0,0,31,0,0,0,0,32.4,0,0,0,0,33.7,0,0,0,0,35.1,0,0,0,0,36.5,0,0,0,0,37.8,0,0,0,0,39,0,0,0,0,40.2,0,0,0,0,41.4,0,0,0,0,42.4,0,0,0,0,43.4,0,0,0,0,44.3,0,0,0,0,45.1
Bosnia and Herzegovina,20,0,0,0,0,20.8,0,0,0,0,21.8,0,0,0,0,21.9,0,0,0,0,22.2,0,0,0,0,23.4,0,0,0,0,25.4,0,0,0,0,27.3,0,0,0,0,29.8,0,0,0,0,33,0,0,0,0,34.9,0,0,0,0,36.9,0,0,0,0,38.9,0,0,0,0,41,0,0,0,0,42.5,0,0,0,0,43.8,0,0,0,0,45.2,0,0,0,0,46.6,0,0,0,0,48,0,0,0,0,49.3,0,0,0,0,50.5,0,0,0,0,50.7,0,0,0,0,50.7,0,0,0,0,50.6,0,0,0,0,50.6,0,0,0,0,50.7,0,0,0,0,50.7,0,0,0,0,50.6,0,0,0,0,50.2,0,0,0,0,49.9,0,0,0,0,49.8
Botswana,19.2,0,0,0,0,18.6,0,0,0,0,17.2,0,0,0,0,15.8,0,0,0,0,15.8,0,0,0,0,16.2,0,0,0,0,16.6,0,0,0,0,16.7,0,0,0,0,17.5,0,0,0,0,18.8,0,0,0,0,20.1,0,0,0,0,21.5,0,0,0,0,23,0,0,0,0,24.4,0,0,0,0,25.8,0,0,0,0,27.3,0,0,0,0,28.7,0,0,0,0,30,0,0,0,0,31.5,0,0,0,0,33,0,0,0,0,34.6,0,0,0,0,36.1,0,0,0,0,37.4,0,0,0,0,38.6,0,0,0,0,39.6,0,0,0,0,40.5,0,0,0,0,41.3,0,0,0,0,42.1,0,0,0,0,42.9,0,0,0,0,43.6,0,0,0,0,44.1
Brazil,19.2,0,0,0,0,18.9,0,0,0,0,18.6,0,0,0,0,18.3,0,0,0,0,18.7,0,0,0,0,19.5,0,0,0,0,20.3,0,0,0,0,21.2,0,0,0,0,22.4,0,0,0,0,23.7,0,0,0,0,25.1,0,0,0,0,27,0,0,0,0,29,0,0,0,0,31.3,0,0,0,0,33.5,0,0,0,0,35.6,0,0,0,0,37.7,0,0,0,0,39.7,0,0,0,0,41.7,0,0,0,0,43.5,0,0,0,0,45.1,0,0,0,0,46.4,0,0,0,0,47.6,0,0,0,0,48.6,0,0,0,0,49.4,0,0,0,0,50,0,0,0,0,50.3,0,0,0,0,50.5,0,0,0,0,50.6,0,0,0,0,50.7,0,0,0,0,50.8
Brunei,22.4,0,0,0,0,21.1,0,0,0,0,19.5,0,0,0,0,17.7,0,0,0,0,18.4,0,0,0,0,19.6,0,0,0,0,20.2,0,0,0,0,21.2,0,0,0,0,23.2,0,0,0,0,24,0,0,0,0,25.5,0,0,0,0,26.8,0,0,0,0,27.5,0,0,0,0,30,0,0,0,0,32.4,0,0,0,0,34.8,0,0,0,0,36.8,0,0,0,0,38.9,0,0,0,0,40.8,0,0,0,0,42.3,0,0,0,0,43.6,0,0,0,0,44.5,0,0,0,0,45.5,0,0,0,0,46.4,0,0,0,0,47.1,0,0,0,0,47.6,0,0,0,0,47.9,0,0,0,0,48.2,0,0,0,0,48.4,0,0,0,0,48.7,0,0,0,0,49
Bulgaria,27.3,0,0,0,0,28.9,0,0,0,0,30.4,0,0,0,0,32,0,0,0,0,33.2,0,0,0,0,33.7,0,0,0,0,34.2,0,0,0,0,35.3,0,0,0,0,36.5,0,0,0,0,38.2,0,0,0,0,39.7,0,0,0,0,41.2,0,0,0,0,42.4,0,0,0,0,43.5,0,0,0,0,44.7,0,0,0,0,46,0,0,0,0,47.1,0,0,0,0,48.2,0,0,0,0,49.1,0,0,0,0,49.2,0,0,0,0,48.1,0,0,0,0,47.7,0,0,0,0,47.7,0,0,0,0,47.6,0,0,0,0,47.5,0,0,0,0,47.2,0,0,0,0,46.8,0,0,0,0,46.7,0,0,0,0,47,0,0,0,0,47.4,0,0,0,0,47.8
Burkina Faso,19.5,0,0,0,0,19.4,0,0,0,0,19.1,0,0,0,0,18.8,0,0,0,0,18.3,0,0,0,0,17.8,0,0,0,0,17.1,0,0,0,0,16.6,0,0,0,0,16.3,0,0,0,0,16.3,0,0,0,0,16.4,0,0,0,0,16.6,0,0,0,0,16.7,0,0,0,0,17,0,0,0,0,17.6,0,0,0,0,18.2,0,0,0,0,19,0,0,0,0,19.9,0,0,0,0,20.8,0,0,0,0,21.8,0,0,0,0,22.8,0,0,0,0,23.8,0,0,0,0,24.9,0,0,0,0,26,0,0,0,0,27.2,0,0,0,0,28.3,0,0,0,0,29.4,0,0,0,0,30.6,0,0,0,0,31.7,0,0,0,0,32.8,0,0,0,0,33.9
Burundi,19.5,0,0,0,0,18.9,0,0,0,0,18.4,0,0,0,0,17.7,0,0,0,0,17.2,0,0,0,0,17.2,0,0,0,0,17.6,0,0,0,0,17.2,0,0,0,0,16.4,0,0,0,0,15.3,0,0,0,0,15.3,0,0,0,0,16.7,0,0,0,0,17.6,0,0,0,0,17.6,0,0,0,0,17.5,0,0,0,0,17.8,0,0,0,0,18.6,0,0,0,0,19.5,0,0,0,0,20.4,0,0,0,0,21.2,0,0,0,0,22,0,0,0,0,22.9,0,0,0,0,23.8,0,0,0,0,24.7,0,0,0,0,25.8,0,0,0,0,26.8,0,0,0,0,27.8,0,0,0,0,28.9,0,0,0,0,29.8,0,0,0,0,30.9,0,0,0,0,31.9
Cambodia,18.7,0,0,0,0,17.9,0,0,0,0,17.2,0,0,0,0,16.7,0,0,0,0,17,0,0,0,0,17.6,0,0,0,0,19.1,0,0,0,0,18.5,0,0,0,0,17.9,0,0,0,0,17.3,0,0,0,0,18.1,0,0,0,0,20.4,0,0,0,0,22.7,0,0,0,0,23.9,0,0,0,0,25.6,0,0,0,0,27.2,0,0,0,0,28.5,0,0,0,0,29.7,0,0,0,0,31.2,0,0,0,0,32.7,0,0,0,0,34.3,0,0,0,0,36,0,0,0,0,37.5,0,0,0,0,38.8,0,0,0,0,39.9,0,0,0,0,41,0,0,0,0,42,0,0,0,0,43.1,0,0,0,0,44.1,0,0,0,0,45,0,0,0,0,45.7
Cameroon,20.4,0,0,0,0,20.4,0,0,0,0,20.2,0,0,0,0,19.7,0,0,0,0,19.1,0,0,0,0,18.4,0,0,0,0,17.7,0,0,0,0,17.1,0,0,0,0,16.8,0,0,0,0,16.9,0,0,0,0,17.3,0,0,0,0,17.7,0,0,0,0,18,0,0,0,0,18.3,0,0,0,0,18.8,0,0,0,0,19.5,0,0,0,0,20.4,0,0,0,0,21.4,0,0,0,0,22.4,0,0,0,0,23.4,0,0,0,0,24.4,0,0,0,0,25.4,0,0,0,0,26.5,0,0,0,0,27.6,0,0,0,0,28.7,0,0,0,0,29.7,0,0,0,0,30.8,0,0,0,0,31.9,0,0,0,0,33,0,0,0,0,34,0,0,0,0,35.1
Canada,27.7,0,0,0,0,27.3,0,0,0,0,26.5,0,0,0,0,25.5,0,0,0,0,26.1,0,0,0,0,27.5,0,0,0,0,29.2,0,0,0,0,31,0,0,0,0,32.9,0,0,0,0,34.8,0,0,0,0,36.8,0,0,0,0,38.6,0,0,0,0,39.7,0,0,0,0,40.5,0,0,0,0,41.4,0,0,0,0,42.4,0,0,0,0,43.3,0,0,0,0,44.2,0,0,0,0,45.1,0,0,0,0,45.4,0,0,0,0,45.2,0,0,0,0,45.3,0,0,0,0,45.5,0,0,0,0,45.8,0,0,0,0,46.2,0,0,0,0,46.5,0,0,0,0,46.6,0,0,0,0,46.8,0,0,0,0,47,0,0,0,0,47.3,0,0,0,0,47.7
Cape Verde,23,0,0,0,0,21.7,0,0,0,0,20.5,0,0,0,0,16.7,0,0,0,0,15.7,0,0,0,0,15.8,0,0,0,0,16,0,0,0,0,17,0,0,0,0,16.9,0,0,0,0,17.2,0,0,0,0,18,0,0,0,0,19.7,0,0,0,0,22,0,0,0,0,23.8,0,0,0,0,25.7,0,0,0,0,27.6,0,0,0,0,29.7,0,0,0,0,31.6,0,0,0,0,33.6,0,0,0,0,35.4,0,0,0,0,37.1,0,0,0,0,38.8,0,0,0,0,40.5,0,0,0,0,42,0,0,0,0,43.4,0,0,0,0,44.5,0,0,0,0,45.5,0,0,0,0,46.2,0,0,0,0,46.8,0,0,0,0,47.4,0,0,0,0,47.9
Central African Republic,22.5,0,0,0,0,22.1,0,0,0,0,21.4,0,0,0,0,20.8,0,0,0,0,20,0,0,0,0,19.3,0,0,0,0,18.9,0,0,0,0,18.9,0,0,0,0,18.4,0,0,0,0,18.6,0,0,0,0,18.6,0,0,0,0,18.6,0,0,0,0,18.5,0,0,0,0,17.8,0,0,0,0,18.3,0,0,0,0,19.3,0,0,0,0,20.3,0,0,0,0,21.2,0,0,0,0,22.2,0,0,0,0,23.3,0,0,0,0,24.5,0,0,0,0,25.9,0,0,0,0,27.3,0,0,0,0,28.8,0,0,0,0,30.1,0,0,0,0,31.5,0,0,0,0,32.8,0,0,0,0,34.1,0,0,0,0,35.3,0,0,0,0,36.5,0,0,0,0,37.7
Chad,21.5,0,0,0,0,20.7,0,0,0,0,19.9,0,0,0,0,19.2,0,0,0,0,18.6,0,0,0,0,18.2,0,0,0,0,17.5,0,0,0,0,16.8,0,0,0,0,16.3,0,0,0,0,15.9,0,0,0,0,15.6,0,0,0,0,15.4,0,0,0,0,15.6,0,0,0,0,16.1,0,0,0,0,16.7,0,0,0,0,17.4,0,0,0,0,18.1,0,0,0,0,19,0,0,0,0,19.9,0,0,0,0,21.1,0,0,0,0,22.2,0,0,0,0,23.3,0,0,0,0,24.5,0,0,0,0,25.7,0,0,0,0,26.8,0,0,0,0,28,0,0,0,0,29.1,0,0,0,0,30.2,0,0,0,0,31.3,0,0,0,0,32.3,0,0,0,0,33.4
Chile,22.2,0,0,0,0,21.5,0,0,0,0,20.7,0,0,0,0,20.4,0,0,0,0,20.5,0,0,0,0,21.5,0,0,0,0,22.8,0,0,0,0,24.2,0,0,0,0,25.6,0,0,0,0,27.1,0,0,0,0,28.9,0,0,0,0,30.6,0,0,0,0,32.1,0,0,0,0,33.7,0,0,0,0,35.4,0,0,0,0,37.3,0,0,0,0,39.2,0,0,0,0,41,0,0,0,0,42.6,0,0,0,0,44,0,0,0,0,45.1,0,0,0,0,46.1,0,0,0,0,47,0,0,0,0,47.7,0,0,0,0,48.3,0,0,0,0,48.8,0,0,0,0,49.3,0,0,0,0,49.5,0,0,0,0,49.7,0,0,0,0,49.9,0,0,0,0,50.1
China,23.9,0,0,0,0,22.3,0,0,0,0,21.4,0,0,0,0,19.8,0,0,0,0,19.3,0,0,0,0,20.4,0,0,0,0,21.9,0,0,0,0,23.6,0,0,0,0,24.9,0,0,0,0,27.3,0,0,0,0,30.1,0,0,0,0,32.7,0,0,0,0,35.2,0,0,0,0,37,0,0,0,0,38.7,0,0,0,0,40.6,0,0,0,0,43,0,0,0,0,45.4,0,0,0,0,47,0,0,0,0,47.8,0,0,0,0,48,0,0,0,0,48.1,0,0,0,0,48.5,0,0,0,0,49.1,0,0,0,0,49.5,0,0,0,0,49.5,0,0,0,0,49.3,0,0,0,0,49.1,0,0,0,0,49.2,0,0,0,0,49.4,0,0,0,0,49.6
Colombia,18.7,0,0,0,0,17.7,0,0,0,0,16.9,0,0,0,0,16.5,0,0,0,0,16.8,0,0,0,0,17.8,0,0,0,0,18.9,0,0,0,0,20.2,0,0,0,0,21.6,0,0,0,0,23,0,0,0,0,24.4,0,0,0,0,26.1,0,0,0,0,28,0,0,0,0,30.1,0,0,0,0,32.2,0,0,0,0,34.3,0,0,0,0,36.4,0,0,0,0,38.3,0,0,0,0,40.1,0,0,0,0,41.8,0,0,0,0,43.3,0,0,0,0,44.7,0,0,0,0,45.8,0,0,0,0,46.8,0,0,0,0,47.6,0,0,0,0,48.2,0,0,0,0,48.6,0,0,0,0,48.9,0,0,0,0,49.1,0,0,0,0,49.3,0,0,0,0,49.4
Comoros,21.2,0,0,0,0,20.6,0,0,0,0,19.6,0,0,0,0,18.5,0,0,0,0,17.7,0,0,0,0,17.5,0,0,0,0,17.5,0,0,0,0,17.2,0,0,0,0,17,0,0,0,0,17.1,0,0,0,0,17.7,0,0,0,0,18.4,0,0,0,0,19.1,0,0,0,0,19.7,0,0,0,0,20.4,0,0,0,0,21.2,0,0,0,0,22.1,0,0,0,0,23.2,0,0,0,0,24.2,0,0,0,0,25.3,0,0,0,0,26.3,0,0,0,0,27.3,0,0,0,0,28.3,0,0,0,0,29.3,0,0,0,0,30.3,0,0,0,0,31.3,0,0,0,0,32.3,0,0,0,0,33.2,0,0,0,0,34.2,0,0,0,0,35.1,0,0,0,0,36
"Congo, Dem. Rep.",18.1,0,0,0,0,18.1,0,0,0,0,18.2,0,0,0,0,18.2,0,0,0,0,18.1,0,0,0,0,17.8,0,0,0,0,17.7,0,0,0,0,17.5,0,0,0,0,17.4,0,0,0,0,17.2,0,0,0,0,17.1,0,0,0,0,17,0,0,0,0,16.9,0,0,0,0,16.8,0,0,0,0,17,0,0,0,0,17.5,0,0,0,0,18.2,0,0,0,0,19,0,0,0,0,19.9,0,0,0,0,21,0,0,0,0,22.1,0,0,0,0,23.3,0,0,0,0,24.6,0,0,0,0,26,0,0,0,0,27.4,0,0,0,0,28.8,0,0,0,0,30.2,0,0,0,0,31.7,0,0,0,0,33.1,0,0,0,0,34.4,0,0,0,0,35.8
"Congo, Rep.",20.1,0,0,0,0,19.9,0,0,0,0,19.6,0,0,0,0,19,0,0,0,0,18.4,0,0,0,0,17.9,0,0,0,0,17.5,0,0,0,0,17.6,0,0,0,0,17.9,0,0,0,0,18.5,0,0,0,0,19,0,0,0,0,19.1,0,0,0,0,19.3,0,0,0,0,18.9,0,0,0,0,19,0,0,0,0,19.6,0,0,0,0,20.5,0,0,0,0,21.3,0,0,0,0,22,0,0,0,0,22.8,0,0,0,0,23.6,0,0,0,0,24.4,0,0,0,0,25.4,0,0,0,0,26.4,0,0,0,0,27.4,0,0,0,0,28.5,0,0,0,0,29.5,0,0,0,0,30.5,0,0,0,0,31.6,0,0,0,0,32.6,0,0,0,0,33.6
Costa Rica,18.2,0,0,0,0,18.1,0,0,0,0,17.7,0,0,0,0,17.6,0,0,0,0,18.2,0,0,0,0,19.3,0,0,0,0,20.6,0,0,0,0,22,0,0,0,0,23.1,0,0,0,0,24.3,0,0,0,0,25.6,0,0,0,0,27.4,0,0,0,0,29.2,0,0,0,0,31.4,0,0,0,0,33.6,0,0,0,0,35.8,0,0,0,0,38,0,0,0,0,40.2,0,0,0,0,42.2,0,0,0,0,44,0,0,0,0,45.4,0,0,0,0,46.7,0,0,0,0,47.8,0,0,0,0,48.8,0,0,0,0,49.7,0,0,0,0,50.3,0,0,0,0,50.6,0,0,0,0,50.8,0,0,0,0,50.9,0,0,0,0,51,0,0,0,0,51.1
Cote d'Ivoire,18.3,0,0,0,0,18.6,0,0,0,0,18.6,0,0,0,0,18.4,0,0,0,0,17.7,0,0,0,0,17.6,0,0,0,0,17.4,0,0,0,0,17.4,0,0,0,0,17.5,0,0,0,0,17.9,0,0,0,0,18,0,0,0,0,17.8,0,0,0,0,17.9,0,0,0,0,18.3,0,0,0,0,18.7,0,0,0,0,19.1,0,0,0,0,19.6,0,0,0,0,20.2,0,0,0,0,20.9,0,0,0,0,21.7,0,0,0,0,22.5,0,0,0,0,23.2,0,0,0,0,24,0,0,0,0,24.8,0,0,0,0,25.6,0,0,0,0,26.5,0,0,0,0,27.3,0,0,0,0,28.2,0,0,0,0,29,0,0,0,0,29.8,0,0,0,0,30.7
Croatia,27.9,0,0,0,0,28.2,0,0,0,0,29.2,0,0,0,0,30.7,0,0,0,0,32.1,0,0,0,0,33.1,0,0,0,0,33.5,0,0,0,0,34.3,0,0,0,0,35.8,0,0,0,0,37.9,0,0,0,0,38.9,0,0,0,0,40.5,0,0,0,0,41.7,0,0,0,0,42.6,0,0,0,0,44,0,0,0,0,45.4,0,0,0,0,46.7,0,0,0,0,47.9,0,0,0,0,48.8,0,0,0,0,49.3,0,0,0,0,49.8,0,0,0,0,49.9,0,0,0,0,50.4,0,0,0,0,50.8,0,0,0,0,50.9,0,0,0,0,50.8,0,0,0,0,50.5,0,0,0,0,50.3,0,0,0,0,50.3,0,0,0,0,50.4,0,0,0,0,50.5
Cuba,22.3,0,0,0,0,22.4,0,0,0,0,22.9,0,0,0,0,22.3,0,0,0,0,21.9,0,0,0,0,22.3,0,0,0,0,23.9,0,0,0,0,25.5,0,0,0,0,27.7,0,0,0,0,30.2,0,0,0,0,32.8,0,0,0,0,35.6,0,0,0,0,38.5,0,0,0,0,41.1,0,0,0,0,43.1,0,0,0,0,44.4,0,0,0,0,45.5,0,0,0,0,47.2,0,0,0,0,48.7,0,0,0,0,49.8,0,0,0,0,50.4,0,0,0,0,50.5,0,0,0,0,50.1,0,0,0,0,50.1,0,0,0,0,50.2,0,0,0,0,50.4,0,0,0,0,50.5,0,0,0,0,50.5,0,0,0,0,50.4,0,0,0,0,50.5,0,0,0,0,50.8
Cyprus,23.7,0,0,0,0,24.4,0,0,0,0,23,0,0,0,0,23.4,0,0,0,0,26,0,0,0,0,27.4,0,0,0,0,28.3,0,0,0,0,29.1,0,0,0,0,29.9,0,0,0,0,31,0,0,0,0,31.8,0,0,0,0,32.9,0,0,0,0,33.9,0,0,0,0,34.9,0,0,0,0,37.3,0,0,0,0,39.5,0,0,0,0,41.5,0,0,0,0,43.2,0,0,0,0,44.8,0,0,0,0,46.2,0,0,0,0,47.4,0,0,0,0,48.4,0,0,0,0,49.2,0,0,0,0,49.9,0,0,0,0,50.3,0,0,0,0,50.4,0,0,0,0,50.3,0,0,0,0,50.3,0,0,0,0,50.3,0,0,0,0,50.3,0,0,0,0,50.4
Czech Republic,32.5,0,0,0,0,32.2,0,0,0,0,33.2,0,0,0,0,33.8,0,0,0,0,33.6,0,0,0,0,32.7,0,0,0,0,32.9,0,0,0,0,34.1,0,0,0,0,35.3,0,0,0,0,36.1,0,0,0,0,37.5,0,0,0,0,38.7,0,0,0,0,39.6,0,0,0,0,41.4,0,0,0,0,43.3,0,0,0,0,45.3,0,0,0,0,46.8,0,0,0,0,47.9,0,0,0,0,48.7,0,0,0,0,48.8,0,0,0,0,47.9,0,0,0,0,47.7,0,0,0,0,47.8,0,0,0,0,47.9,0,0,0,0,47.8,0,0,0,0,47.4,0,0,0,0,46.8,0,0,0,0,46.6,0,0,0,0,46.9,0,0,0,0,47.4,0,0,0,0,47.8
Denmark,31.7,0,0,0,0,32.4,0,0,0,0,33,0,0,0,0,32.8,0,0,0,0,32.5,0,0,0,0,33,0,0,0,0,34.3,0,0,0,0,36,0,0,0,0,37.1,0,0,0,0,37.7,0,0,0,0,38.4,0,0,0,0,39.6,0,0,0,0,40.6,0,0,0,0,41.6,0,0,0,0,42.3,0,0,0,0,42.4,0,0,0,0,42.4,0,0,0,0,42.8,0,0,0,0,43.4,0,0,0,0,43.9,0,0,0,0,44.2,0,0,0,0,44.4,0,0,0,0,44.2,0,0,0,0,44.2,0,0,0,0,44.6,0,0,0,0,45.1,0,0,0,0,45.6,0,0,0,0,46,0,0,0,0,46.2,0,0,0,0,46.4,0,0,0,0,46.7
Djibouti,16.5,0,0,0,0,17.5,0,0,0,0,18,0,0,0,0,18,0,0,0,0,17.4,0,0,0,0,16.6,0,0,0,0,16.5,0,0,0,0,17.2,0,0,0,0,17.4,0,0,0,0,18.1,0,0,0,0,19.3,0,0,0,0,20.1,0,0,0,0,21.9,0,0,0,0,23.7,0,0,0,0,25.4,0,0,0,0,27.1,0,0,0,0,28.7,0,0,0,0,30.4,0,0,0,0,31.8,0,0,0,0,33.3,0,0,0,0,34.6,0,0,0,0,35.9,0,0,0,0,37.1,0,0,0,0,38.1,0,0,0,0,39,0,0,0,0,39.8,0,0,0,0,40.4,0,0,0,0,40.9,0,0,0,0,41.4,0,0,0,0,41.8,0,0,0,0,42.2
Dominican Republic,17.1,0,0,0,0,16.8,0,0,0,0,16,0,0,0,0,15.5,0,0,0,0,16,0,0,0,0,17,0,0,0,0,18.1,0,0,0,0,19.2,0,0,0,0,20.2,0,0,0,0,21.3,0,0,0,0,22.4,0,0,0,0,23.6,0,0,0,0,24.8,0,0,0,0,26.1,0,0,0,0,27.6,0,0,0,0,29.1,0,0,0,0,30.6,0,0,0,0,32.2,0,0,0,0,33.8,0,0,0,0,35.5,0,0,0,0,37.2,0,0,0,0,38.8,0,0,0,0,40.4,0,0,0,0,41.9,0,0,0,0,43.3,0,0,0,0,44.5,0,0,0,0,45.7,0,0,0,0,46.7,0,0,0,0,47.6,0,0,0,0,48.4,0,0,0,0,49
Ecuador,20.4,0,0,0,0,19.2,0,0,0,0,18.4,0,0,0,0,17.8,0,0,0,0,17.7,0,0,0,0,18.1,0,0,0,0,18.8,0,0,0,0,19.6,0,0,0,0,20.5,0,0,0,0,21.6,0,0,0,0,22.8,0,0,0,0,23.9,0,0,0,0,25.2,0,0,0,0,26.6,0,0,0,0,28.1,0,0,0,0,29.7,0,0,0,0,31.2,0,0,0,0,32.8,0,0,0,0,34.2,0,0,0,0,35.8,0,0,0,0,37.3,0,0,0,0,38.8,0,0,0,0,40.3,0,0,0,0,41.7,0,0,0,0,42.9,0,0,0,0,44.1,0,0,0,0,45.2,0,0,0,0,46.1,0,0,0,0,47,0,0,0,0,47.8,0,0,0,0,48.4
Egypt,20.6,0,0,0,0,20.7,0,0,0,0,19.9,0,0,0,0,19,0,0,0,0,19,0,0,0,0,19.2,0,0,0,0,19.4,0,0,0,0,19.5,0,0,0,0,19.6,0,0,0,0,20.1,0,0,0,0,21.2,0,0,0,0,22.6,0,0,0,0,23.9,0,0,0,0,24.7,0,0,0,0,25.3,0,0,0,0,25.9,0,0,0,0,26.6,0,0,0,0,27.4,0,0,0,0,28.5,0,0,0,0,29.9,0,0,0,0,31.2,0,0,0,0,32.4,0,0,0,0,33.4,0,0,0,0,34.3,0,0,0,0,35.3,0,0,0,0,36.5,0,0,0,0,37.8,0,0,0,0,39,0,0,0,0,40.2,0,0,0,0,41.2,0,0,0,0,42.2
El Salvador,18.5,0,0,0,0,18.2,0,0,0,0,17.6,0,0,0,0,17.1,0,0,0,0,17.1,0,0,0,0,17.5,0,0,0,0,17.9,0,0,0,0,18.6,0,0,0,0,19.7,0,0,0,0,21,0,0,0,0,22,0,0,0,0,23,0,0,0,0,24.2,0,0,0,0,25.8,0,0,0,0,27.6,0,0,0,0,29.6,0,0,0,0,31.8,0,0,0,0,33.9,0,0,0,0,35.9,0,0,0,0,37.7,0,0,0,0,39.6,0,0,0,0,41.3,0,0,0,0,43.1,0,0,0,0,44.9,0,0,0,0,46.6,0,0,0,0,48.1,0,0,0,0,49.3,0,0,0,0,50.2,0,0,0,0,50.8,0,0,0,0,51.3,0,0,0,0,51.7
Equatorial Guinea,23.8,0,0,0,0,22.9,0,0,0,0,22,0,0,0,0,21.4,0,0,0,0,20.7,0,0,0,0,20.8,0,0,0,0,20.5,0,0,0,0,19.6,0,0,0,0,19.1,0,0,0,0,18.9,0,0,0,0,19.6,0,0,0,0,20.6,0,0,0,0,21.6,0,0,0,0,22.2,0,0,0,0,22.4,0,0,0,0,22.3,0,0,0,0,22.7,0,0,0,0,23.5,0,0,0,0,24.4,0,0,0,0,25.4,0,0,0,0,26.6,0,0,0,0,27.8,0,0,0,0,29,0,0,0,0,30.2,0,0,0,0,31.4,0,0,0,0,32.6,0,0,0,0,33.7,0,0,0,0,34.9,0,0,0,0,36.1,0,0,0,0,37.3,0,0,0,0,38.4
Eritrea,17.3,0,0,0,0,17.8,0,0,0,0,18,0,0,0,0,18.2,0,0,0,0,18.1,0,0,0,0,17.9,0,0,0,0,17.8,0,0,0,0,17.7,0,0,0,0,17.5,0,0,0,0,16.1,0,0,0,0,17.1,0,0,0,0,18.5,0,0,0,0,18.9,0,0,0,0,18.9,0,0,0,0,19.3,0,0,0,0,20.3,0,0,0,0,21.7,0,0,0,0,23,0,0,0,0,24.2,0,0,0,0,25.4,0,0,0,0,26.6,0,0,0,0,27.8,0,0,0,0,29.1,0,0,0,0,30.4,0,0,0,0,31.7,0,0,0,0,33.1,0,0,0,0,34.4,0,0,0,0,35.7,0,0,0,0,36.9,0,0,0,0,38.1,0,0,0,0,39.3
Estonia,29.9,0,0,0,0,30.2,0,0,0,0,32.2,0,0,0,0,33,0,0,0,0,33.8,0,0,0,0,34.3,0,0,0,0,33.9,0,0,0,0,34,0,0,0,0,34.4,0,0,0,0,36.4,0,0,0,0,38,0,0,0,0,39.4,0,0,0,0,40.2,0,0,0,0,41.6,0,0,0,0,42.7,0,0,0,0,43.9,0,0,0,0,45.3,0,0,0,0,47,0,0,0,0,48.1,0,0,0,0,48.1,0,0,0,0,47.2,0,0,0,0,47.4,0,0,0,0,47.9,0,0,0,0,48.3,0,0,0,0,48.5,0,0,0,0,48.4,0,0,0,0,47.9,0,0,0,0,47.7,0,0,0,0,47.9,0,0,0,0,48.5,0,0,0,0,49
Ethiopia,17.9,0,0,0,0,18,0,0,0,0,18.1,0,0,0,0,18.1,0,0,0,0,18,0,0,0,0,17.6,0,0,0,0,17.6,0,0,0,0,17,0,0,0,0,16.8,0,0,0,0,16.7,0,0,0,0,16.6,0,0,0,0,16.8,0,0,0,0,17.5,0,0,0,0,18.6,0,0,0,0,19.8,0,0,0,0,21.2,0,0,0,0,22.6,0,0,0,0,24,0,0,0,0,25.5,0,0,0,0,27.1,0,0,0,0,28.8,0,0,0,0,30.4,0,0,0,0,32.1,0,0,0,0,33.7,0,0,0,0,35.3,0,0,0,0,36.9,0,0,0,0,38.3,0,0,0,0,39.6,0,0,0,0,40.8,0,0,0,0,42,0,0,0,0,43
Fiji,16.6,0,0,0,0,16,0,0,0,0,15.8,0,0,0,0,16.4,0,0,0,0,17.7,0,0,0,0,18.9,0,0,0,0,19.5,0,0,0,0,20.3,0,0,0,0,20.9,0,0,0,0,21.6,0,0,0,0,22.1,0,0,0,0,25.3,0,0,0,0,26.5,0,0,0,0,27.6,0,0,0,0,28.6,0,0,0,0,29.7,0,0,0,0,30.5,0,0,0,0,31.4,0,0,0,0,32.6,0,0,0,0,33.9,0,0,0,0,35.2,0,0,0,0,36.5,0,0,0,0,37.6,0,0,0,0,38.6,0,0,0,0,39.7,0,0,0,0,40.7,0,0,0,0,41.7,0,0,0,0,42.7,0,0,0,0,43.6,0,0,0,0,44.4,0,0,0,0,45.1
Finland,27.8,0,0,0,0,28,0,0,0,0,28.4,0,0,0,0,28.7,0,0,0,0,29.6,0,0,0,0,30.8,0,0,0,0,32.8,0,0,0,0,34.7,0,0,0,0,36.4,0,0,0,0,37.8,0,0,0,0,39.4,0,0,0,0,40.9,0,0,0,0,42,0,0,0,0,42.5,0,0,0,0,42.8,0,0,0,0,43.4,0,0,0,0,43.9,0,0,0,0,44.4,0,0,0,0,44.9,0,0,0,0,44.8,0,0,0,0,44.7,0,0,0,0,44.8,0,0,0,0,45.1,0,0,0,0,45.5,0,0,0,0,45.9,0,0,0,0,46.3,0,0,0,0,46.5,0,0,0,0,46.8,0,0,0,0,47.1,0,0,0,0,47.5,0,0,0,0,47.9
France,34.7,0,0,0,0,32.9,0,0,0,0,33.1,0,0,0,0,32.8,0,0,0,0,32.5,0,0,0,0,31.8,0,0,0,0,32.6,0,0,0,0,33.8,0,0,0,0,35,0,0,0,0,36.4,0,0,0,0,37.7,0,0,0,0,38.9,0,0,0,0,40,0,0,0,0,41.2,0,0,0,0,42,0,0,0,0,42.6,0,0,0,0,43.3,0,0,0,0,43.6,0,0,0,0,43.8,0,0,0,0,44,0,0,0,0,44.3,0,0,0,0,44.6,0,0,0,0,44.8,0,0,0,0,45,0,0,0,0,45.2,0,0,0,0,45.4,0,0,0,0,45.8,0,0,0,0,46.2,0,0,0,0,46.7,0,0,0,0,47,0,0,0,0,47.3
Gabon,28.1,0,0,0,0,27.6,0,0,0,0,27,0,0,0,0,26.1,0,0,0,0,25.3,0,0,0,0,23.5,0,0,0,0,21.6,0,0,0,0,20,0,0,0,0,19.4,0,0,0,0,19.2,0,0,0,0,19.4,0,0,0,0,20.2,0,0,0,0,21.5,0,0,0,0,22.6,0,0,0,0,23.1,0,0,0,0,23.6,0,0,0,0,24.3,0,0,0,0,25.4,0,0,0,0,26.8,0,0,0,0,28.1,0,0,0,0,29.3,0,0,0,0,30.5,0,0,0,0,31.6,0,0,0,0,32.6,0,0,0,0,33.7,0,0,0,0,34.8,0,0,0,0,36,0,0,0,0,37.1,0,0,0,0,38.2,0,0,0,0,39.3,0,0,0,0,40.2
Gambia,19.5,0,0,0,0,20.1,0,0,0,0,20.8,0,0,0,0,20.2,0,0,0,0,20.3,0,0,0,0,18.7,0,0,0,0,17.8,0,0,0,0,16.8,0,0,0,0,17,0,0,0,0,16.6,0,0,0,0,16.8,0,0,0,0,16.8,0,0,0,0,16.8,0,0,0,0,17,0,0,0,0,17.5,0,0,0,0,18.2,0,0,0,0,19.1,0,0,0,0,20,0,0,0,0,21.2,0,0,0,0,22.3,0,0,0,0,23.6,0,0,0,0,24.8,0,0,0,0,26.2,0,0,0,0,27.6,0,0,0,0,28.9,0,0,0,0,30.2,0,0,0,0,31.5,0,0,0,0,32.7,0,0,0,0,33.8,0,0,0,0,34.9,0,0,0,0,35.9
Georgia,27.3,0,0,0,0,27.4,0,0,0,0,27.8,0,0,0,0,28,0,0,0,0,28.2,0,0,0,0,28.5,0,0,0,0,29.1,0,0,0,0,29.8,0,0,0,0,31,0,0,0,0,32.3,0,0,0,0,33.8,0,0,0,0,35,0,0,0,0,36.6,0,0,0,0,38,0,0,0,0,38.7,0,0,0,0,39.6,0,0,0,0,40.9,0,0,0,0,42,0,0,0,0,42.4,0,0,0,0,42,0,0,0,0,42,0,0,0,0,42.7,0,0,0,0,43.8,0,0,0,0,44.5,0,0,0,0,44.9,0,0,0,0,44.9,0,0,0,0,44.9,0,0,0,0,45.4,0,0,0,0,46.1,0,0,0,0,46.8,0,0,0,0,47.3
Germany,35.2,0,0,0,0,34.5,0,0,0,0,34.7,0,0,0,0,34.3,0,0,0,0,34.2,0,0,0,0,35.4,0,0,0,0,36.5,0,0,0,0,37.2,0,0,0,0,37.6,0,0,0,0,38.4,0,0,0,0,40.1,0,0,0,0,42.1,0,0,0,0,44.3,0,0,0,0,45.9,0,0,0,0,46.6,0,0,0,0,47.1,0,0,0,0,47.6,0,0,0,0,48.5,0,0,0,0,49.5,0,0,0,0,50.1,0,0,0,0,50.3,0,0,0,0,50,0,0,0,0,49.4,0,0,0,0,49.2,0,0,0,0,49.3,0,0,0,0,49.6,0,0,0,0,49.8,0,0,0,0,49.7,0,0,0,0,49.7,0,0,0,0,49.7,0,0,0,0,50
Ghana,17.4,0,0,0,0,17.6,0,0,0,0,17.7,0,0,0,0,17.6,0,0,0,0,17.3,0,0,0,0,16.9,0,0,0,0,17,0,0,0,0,17.4,0,0,0,0,17.8,0,0,0,0,18.4,0,0,0,0,18.8,0,0,0,0,19.3,0,0,0,0,19.9,0,0,0,0,20.4,0,0,0,0,21.1,0,0,0,0,21.9,0,0,0,0,22.8,0,0,0,0,23.8,0,0,0,0,24.9,0,0,0,0,25.9,0,0,0,0,26.9,0,0,0,0,27.8,0,0,0,0,28.7,0,0,0,0,29.7,0,0,0,0,30.6,0,0,0,0,31.6,0,0,0,0,32.6,0,0,0,0,33.6,0,0,0,0,34.6,0,0,0,0,35.5,0,0,0,0,36.4
Greece,25.5,0,0,0,0,26.9,0,0,0,0,28.3,0,0,0,0,29.9,0,0,0,0,32.3,0,0,0,0,32.4,0,0,0,0,33.1,0,0,0,0,34,0,0,0,0,35.1,0,0,0,0,36.4,0,0,0,0,37.8,0,0,0,0,39.3,0,0,0,0,41,0,0,0,0,43.3,0,0,0,0,45.3,0,0,0,0,47.3,0,0,0,0,49.3,0,0,0,0,51,0,0,0,0,52,0,0,0,0,52.5,0,0,0,0,52.8,0,0,0,0,53,0,0,0,0,53.3,0,0,0,0,53.7,0,0,0,0,53.4,0,0,0,0,52.8,0,0,0,0,52.1,0,0,0,0,51.8,0,0,0,0,51.8,0,0,0,0,51.9,0,0,0,0,51.9
Grenada,16.3,0,0,0,0,17.1,0,0,0,0,15.6,0,0,0,0,15.2,0,0,0,0,15.3,0,0,0,0,17.8,0,0,0,0,18.8,0,0,0,0,20,0,0,0,0,20.4,0,0,0,0,20.9,0,0,0,0,21.8,0,0,0,0,23.3,0,0,0,0,25,0,0,0,0,27.2,0,0,0,0,29.4,0,0,0,0,31.3,0,0,0,0,33.4,0,0,0,0,35.2,0,0,0,0,36.8,0,0,0,0,38.3,0,0,0,0,40,0,0,0,0,42,0,0,0,0,44,0,0,0,0,45.9,0,0,0,0,47.4,0,0,0,0,48.4,0,0,0,0,49,0,0,0,0,49.4,0,0,0,0,50.1,0,0,0,0,51,0,0,0,0,51.9
Guatemala,18.4,0,0,0,0,17.8,0,0,0,0,17.2,0,0,0,0,16.8,0,0,0,0,16.9,0,0,0,0,17,0,0,0,0,16.8,0,0,0,0,16.6,0,0,0,0,16.9,0,0,0,0,17.2,0,0,0,0,17.7,0,0,0,0,18.5,0,0,0,0,19.7,0,0,0,0,21.3,0,0,0,0,22.9,0,0,0,0,24.5,0,0,0,0,26.3,0,0,0,0,28,0,0,0,0,29.6,0,0,0,0,31.3,0,0,0,0,33,0,0,0,0,34.8,0,0,0,0,36.5,0,0,0,0,38.1,0,0,0,0,39.7,0,0,0,0,41.2,0,0,0,0,42.5,0,0,0,0,43.6,0,0,0,0,44.7,0,0,0,0,45.6,0,0,0,0,46.4
Guinea,21.9,0,0,0,0,20.8,0,0,0,0,20.1,0,0,0,0,19.6,0,0,0,0,19.2,0,0,0,0,19.3,0,0,0,0,19.1,0,0,0,0,18.7,0,0,0,0,18.2,0,0,0,0,17.9,0,0,0,0,17.8,0,0,0,0,17.8,0,0,0,0,18.1,0,0,0,0,18.4,0,0,0,0,19,0,0,0,0,19.6,0,0,0,0,20.4,0,0,0,0,21.3,0,0,0,0,22.3,0,0,0,0,23.3,0,0,0,0,24.3,0,0,0,0,25.4,0,0,0,0,26.6,0,0,0,0,27.8,0,0,0,0,29,0,0,0,0,30.1,0,0,0,0,31.3,0,0,0,0,32.5,0,0,0,0,33.6,0,0,0,0,34.8,0,0,0,0,35.9
Guinea-Bissau,21.8,0,0,0,0,20.9,0,0,0,0,20.1,0,0,0,0,19.9,0,0,0,0,19.7,0,0,0,0,19.7,0,0,0,0,18.4,0,0,0,0,17.4,0,0,0,0,16.9,0,0,0,0,17,0,0,0,0,17.1,0,0,0,0,17.8,0,0,0,0,18.4,0,0,0,0,18.9,0,0,0,0,19.4,0,0,0,0,20,0,0,0,0,21,0,0,0,0,22.1,0,0,0,0,23.1,0,0,0,0,24.2,0,0,0,0,25.1,0,0,0,0,26.2,0,0,0,0,27.2,0,0,0,0,28.2,0,0,0,0,29.2,0,0,0,0,30.2,0,0,0,0,31.2,0,0,0,0,32.2,0,0,0,0,33.3,0,0,0,0,34.2,0,0,0,0,35.2
Guyana,20.4,0,0,0,0,18.6,0,0,0,0,16.9,0,0,0,0,16.1,0,0,0,0,16.3,0,0,0,0,17.3,0,0,0,0,18.2,0,0,0,0,19.2,0,0,0,0,21.1,0,0,0,0,21.7,0,0,0,0,22.6,0,0,0,0,22.9,0,0,0,0,24.3,0,0,0,0,24.6,0,0,0,0,26.3,0,0,0,0,28,0,0,0,0,29.7,0,0,0,0,31.2,0,0,0,0,32.4,0,0,0,0,33.6,0,0,0,0,34.8,0,0,0,0,36.2,0,0,0,0,37.5,0,0,0,0,38.8,0,0,0,0,39.9,0,0,0,0,40.9,0,0,0,0,41.7,0,0,0,0,42.4,0,0,0,0,43.1,0,0,0,0,43.7,0,0,0,0,44.3
Haiti,20.2,0,0,0,0,20,0,0,0,0,19.8,0,0,0,0,19.4,0,0,0,0,19,0,0,0,0,19.1,0,0,0,0,19.1,0,0,0,0,18.8,0,0,0,0,18.5,0,0,0,0,18.5,0,0,0,0,19.1,0,0,0,0,20.3,0,0,0,0,21.6,0,0,0,0,23,0,0,0,0,24.3,0,0,0,0,25.7,0,0,0,0,27.2,0,0,0,0,28.7,0,0,0,0,30.2,0,0,0,0,31.7,0,0,0,0,33.1,0,0,0,0,34.5,0,0,0,0,35.8,0,0,0,0,37,0,0,0,0,38,0,0,0,0,39,0,0,0,0,39.9,0,0,0,0,40.7,0,0,0,0,41.4,0,0,0,0,42,0,0,0,0,42.6
Honduras,18.8,0,0,0,0,17.9,0,0,0,0,17,0,0,0,0,16.3,0,0,0,0,16.1,0,0,0,0,16.1,0,0,0,0,16.2,0,0,0,0,16.4,0,0,0,0,16.9,0,0,0,0,17.5,0,0,0,0,18.4,0,0,0,0,19.5,0,0,0,0,21.1,0,0,0,0,23,0,0,0,0,24.9,0,0,0,0,27,0,0,0,0,29,0,0,0,0,31.1,0,0,0,0,33.1,0,0,0,0,35,0,0,0,0,36.8,0,0,0,0,38.5,0,0,0,0,40.1,0,0,0,0,41.7,0,0,0,0,43.1,0,0,0,0,44.4,0,0,0,0,45.4,0,0,0,0,46.3,0,0,0,0,47,0,0,0,0,47.6,0,0,0,0,48.1
Hungary,30.1,0,0,0,0,30.8,0,0,0,0,32.2,0,0,0,0,33.5,0,0,0,0,34.2,0,0,0,0,34.4,0,0,0,0,34.4,0,0,0,0,35,0,0,0,0,36.4,0,0,0,0,37.5,0,0,0,0,38.5,0,0,0,0,39.1,0,0,0,0,40.1,0,0,0,0,41.7,0,0,0,0,43.4,0,0,0,0,45.1,0,0,0,0,46.1,0,0,0,0,46.8,0,0,0,0,47.7,0,0,0,0,48.3,0,0,0,0,48.5,0,0,0,0,48.6,0,0,0,0,48.7,0,0,0,0,48.6,0,0,0,0,48.4,0,0,0,0,48.4,0,0,0,0,48.4,0,0,0,0,48.3,0,0,0,0,48.3,0,0,0,0,48.4,0,0,0,0,48.6
Iceland,26.5,0,0,0,0,26.2,0,0,0,0,25.4,0,0,0,0,24.2,0,0,0,0,24.5,0,0,0,0,25.4,0,0,0,0,26.9,0,0,0,0,28.4,0,0,0,0,30,0,0,0,0,31.5,0,0,0,0,32.9,0,0,0,0,34.3,0,0,0,0,34.8,0,0,0,0,36,0,0,0,0,37.3,0,0,0,0,38.7,0,0,0,0,40,0,0,0,0,41.5,0,0,0,0,42.7,0,0,0,0,43.4,0,0,0,0,44.1,0,0,0,0,45,0,0,0,0,45.8,0,0,0,0,46.5,0,0,0,0,47.2,0,0,0,0,47.8,0,0,0,0,48.3,0,0,0,0,48.6,0,0,0,0,49,0,0,0,0,49.4,0,0,0,0,49.9
India,21.3,0,0,0,0,20.8,0,0,0,0,20.3,0,0,0,0,19.6,0,0,0,0,19.4,0,0,0,0,19.8,0,0,0,0,20.2,0,0,0,0,20.6,0,0,0,0,21.1,0,0,0,0,21.8,0,0,0,0,22.7,0,0,0,0,23.8,0,0,0,0,25.1,0,0,0,0,26.7,0,0,0,0,28.2,0,0,0,0,29.8,0,0,0,0,31.4,0,0,0,0,33,0,0,0,0,34.5,0,0,0,0,36.1,0,0,0,0,37.5,0,0,0,0,38.7,0,0,0,0,39.9,0,0,0,0,41,0,0,0,0,42,0,0,0,0,42.9,0,0,0,0,43.7,0,0,0,0,44.3,0,0,0,0,44.9,0,0,0,0,45.4,0,0,0,0,45.9
Indonesia,20,0,0,0,0,20.4,0,0,0,0,20.2,0,0,0,0,19.4,0,0,0,0,18.6,0,0,0,0,18.5,0,0,0,0,19.1,0,0,0,0,19.9,0,0,0,0,21.3,0,0,0,0,22.8,0,0,0,0,24.4,0,0,0,0,25.5,0,0,0,0,26.7,0,0,0,0,28,0,0,0,0,29.3,0,0,0,0,30.6,0,0,0,0,31.9,0,0,0,0,33.1,0,0,0,0,34.3,0,0,0,0,35.4,0,0,0,0,36.6,0,0,0,0,37.7,0,0,0,0,38.6,0,0,0,0,39.5,0,0,0,0,40.2,0,0,0,0,40.9,0,0,0,0,41.6,0,0,0,0,42.3,0,0,0,0,42.9,0,0,0,0,43.4,0,0,0,0,43.9
Iran,21.9,0,0,0,0,20.9,0,0,0,0,19.6,0,0,0,0,18,0,0,0,0,17.7,0,0,0,0,18.1,0,0,0,0,18.1,0,0,0,0,17.3,0,0,0,0,17.2,0,0,0,0,18.5,0,0,0,0,20.8,0,0,0,0,24.1,0,0,0,0,26.9,0,0,0,0,29.5,0,0,0,0,32.4,0,0,0,0,35.5,0,0,0,0,38.4,0,0,0,0,41,0,0,0,0,42.9,0,0,0,0,44.2,0,0,0,0,45.2,0,0,0,0,46.8,0,0,0,0,48.5,0,0,0,0,50.1,0,0,0,0,51.1,0,0,0,0,51.4,0,0,0,0,50.9,0,0,0,0,50.2,0,0,0,0,50.3,0,0,0,0,50.8,0,0,0,0,51.2
Iraq,22,0,0,0,0,20.3,0,0,0,0,19.6,0,0,0,0,18.6,0,0,0,0,17.5,0,0,0,0,17,0,0,0,0,16.6,0,0,0,0,16.7,0,0,0,0,16.8,0,0,0,0,17.5,0,0,0,0,18.2,0,0,0,0,18.7,0,0,0,0,18.9,0,0,0,0,19.4,0,0,0,0,20,0,0,0,0,20.6,0,0,0,0,21.4,0,0,0,0,22.2,0,0,0,0,23.1,0,0,0,0,23.9,0,0,0,0,24.7,0,0,0,0,25.6,0,0,0,0,26.5,0,0,0,0,27.4,0,0,0,0,28.4,0,0,0,0,29.3,0,0,0,0,30.3,0,0,0,0,31.4,0,0,0,0,32.4,0,0,0,0,33.5,0,0,0,0,34.5
Ireland,30,0,0,0,0,30.1,0,0,0,0,29.1,0,0,0,0,27.4,0,0,0,0,26.4,0,0,0,0,26,0,0,0,0,26.2,0,0,0,0,26.8,0,0,0,0,28.3,0,0,0,0,30.1,0,0,0,0,31.8,0,0,0,0,33.3,0,0,0,0,34.6,0,0,0,0,36.9,0,0,0,0,38.7,0,0,0,0,40.3,0,0,0,0,41.3,0,0,0,0,41.5,0,0,0,0,41.4,0,0,0,0,41.8,0,0,0,0,42.6,0,0,0,0,43.5,0,0,0,0,44.4,0,0,0,0,44.8,0,0,0,0,44.8,0,0,0,0,44.7,0,0,0,0,44.9,0,0,0,0,45.6,0,0,0,0,46.4,0,0,0,0,47,0,0,0,0,47.5
Israel,25.5,0,0,0,0,24.6,0,0,0,0,24.1,0,0,0,0,23.4,0,0,0,0,23.5,0,0,0,0,24.1,0,0,0,0,25,0,0,0,0,25.4,0,0,0,0,25.9,0,0,0,0,27.3,0,0,0,0,28,0,0,0,0,28.7,0,0,0,0,30.1,0,0,0,0,30.2,0,0,0,0,30.6,0,0,0,0,31.1,0,0,0,0,31.7,0,0,0,0,32.4,0,0,0,0,33.1,0,0,0,0,34,0,0,0,0,35.1,0,0,0,0,36.1,0,0,0,0,37,0,0,0,0,37.9,0,0,0,0,38.8,0,0,0,0,39.7,0,0,0,0,40.8,0,0,0,0,41.9,0,0,0,0,43,0,0,0,0,44,0,0,0,0,45
Italy,28.6,0,0,0,0,30.1,0,0,0,0,31.4,0,0,0,0,32.1,0,0,0,0,32.8,0,0,0,0,33.3,0,0,0,0,34.1,0,0,0,0,35.5,0,0,0,0,37,0,0,0,0,38.7,0,0,0,0,40.4,0,0,0,0,42,0,0,0,0,43.8,0,0,0,0,45.9,0,0,0,0,47.9,0,0,0,0,49.7,0,0,0,0,50.9,0,0,0,0,51.5,0,0,0,0,51.7,0,0,0,0,51.6,0,0,0,0,51.4,0,0,0,0,51.1,0,0,0,0,51,0,0,0,0,50.6,0,0,0,0,50.1,0,0,0,0,49.8,0,0,0,0,49.7,0,0,0,0,49.8,0,0,0,0,50.1,0,0,0,0,50.4,0,0,0,0,50.5
Jamaica,22.2,0,0,0,0,22,0,0,0,0,19.8,0,0,0,0,18.6,0,0,0,0,17.2,0,0,0,0,17.4,0,0,0,0,19.5,0,0,0,0,20.6,0,0,0,0,22.3,0,0,0,0,23.5,0,0,0,0,24.9,0,0,0,0,26.2,0,0,0,0,27.6,0,0,0,0,29.4,0,0,0,0,31.4,0,0,0,0,33.5,0,0,0,0,35.9,0,0,0,0,38.3,0,0,0,0,40.7,0,0,0,0,42.8,0,0,0,0,44.7,0,0,0,0,46.2,0,0,0,0,47.4,0,0,0,0,48.8,0,0,0,0,50.6,0,0,0,0,52.2,0,0,0,0,53.5,0,0,0,0,54.4,0,0,0,0,55,0,0,0,0,55.5,0,0,0,0,56
Japan,22.3,0,0,0,0,23.6,0,0,0,0,25.4,0,0,0,0,27.2,0,0,0,0,28.8,0,0,0,0,30.3,0,0,0,0,32.5,0,0,0,0,35,0,0,0,0,37.3,0,0,0,0,39.4,0,0,0,0,41.2,0,0,0,0,43,0,0,0,0,44.7,0,0,0,0,46.3,0,0,0,0,48.2,0,0,0,0,50.2,0,0,0,0,51.5,0,0,0,0,52.5,0,0,0,0,53.1,0,0,0,0,53.2,0,0,0,0,53.2,0,0,0,0,53.2,0,0,0,0,53,0,0,0,0,52.8,0,0,0,0,52.4,0,0,0,0,52,0,0,0,0,51.7,0,0,0,0,51.5,0,0,0,0,51.6,0,0,0,0,51.7,0,0,0,0,51.8
Jordan,17.2,0,0,0,0,17.6,0,0,0,0,18,0,0,0,0,17.4,0,0,0,0,17.1,0,0,0,0,16.4,0,0,0,0,15.5,0,0,0,0,16.3,0,0,0,0,16.8,0,0,0,0,19.2,0,0,0,0,19.6,0,0,0,0,20.8,0,0,0,0,21.5,0,0,0,0,22.1,0,0,0,0,23.2,0,0,0,0,24.6,0,0,0,0,26,0,0,0,0,27.5,0,0,0,0,29,0,0,0,0,30.6,0,0,0,0,32.1,0,0,0,0,33.5,0,0,0,0,34.9,0,0,0,0,36.3,0,0,0,0,37.6,0,0,0,0,38.9,0,0,0,0,40.3,0,0,0,0,41.5,0,0,0,0,42.7,0,0,0,0,43.8,0,0,0,0,44.8
Kazakhstan,23.2,0,0,0,0,23.3,0,0,0,0,22.9,0,0,0,0,22.4,0,0,0,0,21.8,0,0,0,0,22.3,0,0,0,0,23.5,0,0,0,0,24.6,0,0,0,0,26,0,0,0,0,27.1,0,0,0,0,27.8,0,0,0,0,28.6,0,0,0,0,28.9,0,0,0,0,29.3,0,0,0,0,30.6,0,0,0,0,31.7,0,0,0,0,32,0,0,0,0,31.6,0,0,0,0,32.1,0,0,0,0,33.2,0,0,0,0,34.6,0,0,0,0,35.8,0,0,0,0,36.8,0,0,0,0,37.5,0,0,0,0,38.1,0,0,0,0,38.7,0,0,0,0,39.5,0,0,0,0,40.6,0,0,0,0,41.7,0,0,0,0,42.6,0,0,0,0,43.4
Kenya,20,0,0,0,0,18.9,0,0,0,0,17.2,0,0,0,0,15.8,0,0,0,0,15.4,0,0,0,0,15.2,0,0,0,0,15,0,0,0,0,15,0,0,0,0,15.5,0,0,0,0,16.4,0,0,0,0,17,0,0,0,0,17.6,0,0,0,0,18.2,0,0,0,0,19,0,0,0,0,20,0,0,0,0,21.2,0,0,0,0,22.5,0,0,0,0,23.7,0,0,0,0,24.9,0,0,0,0,26.2,0,0,0,0,27.4,0,0,0,0,28.7,0,0,0,0,30,0,0,0,0,31.4,0,0,0,0,32.7,0,0,0,0,34,0,0,0,0,35.3,0,0,0,0,36.6,0,0,0,0,37.8,0,0,0,0,38.9,0,0,0,0,40
Kiribati,19.2,0,0,0,0,18.8,0,0,0,0,17.7,0,0,0,0,16.9,0,0,0,0,17.4,0,0,0,0,18.6,0,0,0,0,19.4,0,0,0,0,19.5,0,0,0,0,20.4,0,0,0,0,19.6,0,0,0,0,19.7,0,0,0,0,20.8,0,0,0,0,21.6,0,0,0,0,22.4,0,0,0,0,23.2,0,0,0,0,23.8,0,0,0,0,24.2,0,0,0,0,25.3,0,0,0,0,26.5,0,0,0,0,27.4,0,0,0,0,28.3,0,0,0,0,29.1,0,0,0,0,29.9,0,0,0,0,30.6,0,0,0,0,31.4,0,0,0,0,32.3,0,0,0,0,33.2,0,0,0,0,34.1,0,0,0,0,35.1,0,0,0,0,36,0,0,0,0,36.8
Kuwait,21.4,0,0,0,0,22.7,0,0,0,0,23.3,0,0,0,0,21.2,0,0,0,0,18.8,0,0,0,0,17.7,0,0,0,0,20.5,0,0,0,0,22.2,0,0,0,0,23.5,0,0,0,0,26.6,0,0,0,0,27.8,0,0,0,0,28.2,0,0,0,0,29.5,0,0,0,0,33.4,0,0,0,0,33.7,0,0,0,0,34.1,0,0,0,0,34.8,0,0,0,0,36.1,0,0,0,0,37,0,0,0,0,37.6,0,0,0,0,38.1,0,0,0,0,38.8,0,0,0,0,39.4,0,0,0,0,39.9,0,0,0,0,40.3,0,0,0,0,40.7,0,0,0,0,41.2,0,0,0,0,41.8,0,0,0,0,42.4,0,0,0,0,43,0,0,0,0,43.5
Kyrgyz Republic,25.3,0,0,0,0,25.3,0,0,0,0,24,0,0,0,0,21.6,0,0,0,0,19.4,0,0,0,0,19.6,0,0,0,0,20.9,0,0,0,0,21.7,0,0,0,0,21.8,0,0,0,0,21.6,0,0,0,0,22.5,0,0,0,0,23.8,0,0,0,0,24,0,0,0,0,25.3,0,0,0,0,26.3,0,0,0,0,27.2,0,0,0,0,27.7,0,0,0,0,28.3,0,0,0,0,29.4,0,0,0,0,31,0,0,0,0,32.5,0,0,0,0,33.8,0,0,0,0,35,0,0,0,0,36,0,0,0,0,36.9,0,0,0,0,37.8,0,0,0,0,38.9,0,0,0,0,40.1,0,0,0,0,41.3,0,0,0,0,42.4,0,0,0,0,43.3
Lao,19.8,0,0,0,0,19.4,0,0,0,0,19,0,0,0,0,18.8,0,0,0,0,18.7,0,0,0,0,18.6,0,0,0,0,17.7,0,0,0,0,17.6,0,0,0,0,17.6,0,0,0,0,17.6,0,0,0,0,18,0,0,0,0,19.1,0,0,0,0,20.7,0,0,0,0,22.7,0,0,0,0,24.4,0,0,0,0,26.1,0,0,0,0,27.8,0,0,0,0,29.6,0,0,0,0,31.6,0,0,0,0,33.5,0,0,0,0,35.4,0,0,0,0,37.3,0,0,0,0,39,0,0,0,0,40.7,0,0,0,0,42.1,0,0,0,0,43.3,0,0,0,0,44.4,0,0,0,0,45.3,0,0,0,0,46.1,0,0,0,0,46.8,0,0,0,0,47.4
Latvia,29.9,0,0,0,0,30.5,0,0,0,0,32.3,0,0,0,0,33.2,0,0,0,0,34.2,0,0,0,0,34.9,0,0,0,0,35.1,0,0,0,0,34.7,0,0,0,0,34.7,0,0,0,0,36.2,0,0,0,0,37.9,0,0,0,0,39.5,0,0,0,0,40.8,0,0,0,0,42.5,0,0,0,0,43.9,0,0,0,0,44.9,0,0,0,0,45.9,0,0,0,0,47.2,0,0,0,0,48.2,0,0,0,0,47.9,0,0,0,0,46.4,0,0,0,0,46.4,0,0,0,0,46.8,0,0,0,0,47.1,0,0,0,0,47.2,0,0,0,0,47,0,0,0,0,46.4,0,0,0,0,46.2,0,0,0,0,46.6,0,0,0,0,47.1,0,0,0,0,47.6
Lebanon,23.2,0,0,0,0,22,0,0,0,0,20.4,0,0,0,0,18.7,0,0,0,0,18.7,0,0,0,0,19.5,0,0,0,0,19.9,0,0,0,0,21.5,0,0,0,0,23.2,0,0,0,0,24.5,0,0,0,0,26.3,0,0,0,0,26.5,0,0,0,0,28.5,0,0,0,0,28.5,0,0,0,0,31.1,0,0,0,0,34.6,0,0,0,0,37.9,0,0,0,0,40.8,0,0,0,0,43.3,0,0,0,0,45.7,0,0,0,0,47.6,0,0,0,0,48.8,0,0,0,0,49.1,0,0,0,0,49.6,0,0,0,0,50,0,0,0,0,50.9,0,0,0,0,51.6,0,0,0,0,51.9,0,0,0,0,51.7,0,0,0,0,51.3,0,0,0,0,51.1
Lesotho,19.8,0,0,0,0,19.1,0,0,0,0,18.3,0,0,0,0,18,0,0,0,0,17.8,0,0,0,0,17.5,0,0,0,0,17.6,0,0,0,0,17.5,0,0,0,0,17.7,0,0,0,0,18.4,0,0,0,0,18.7,0,0,0,0,19.4,0,0,0,0,20.5,0,0,0,0,21.3,0,0,0,0,22.2,0,0,0,0,23,0,0,0,0,23.7,0,0,0,0,24.6,0,0,0,0,25.8,0,0,0,0,27.2,0,0,0,0,28.7,0,0,0,0,30.1,0,0,0,0,31.5,0,0,0,0,32.8,0,0,0,0,34.1,0,0,0,0,35.3,0,0,0,0,36.5,0,0,0,0,37.7,0,0,0,0,38.8,0,0,0,0,39.8,0,0,0,0,40.7
Liberia,19.1,0,0,0,0,19,0,0,0,0,19,0,0,0,0,18.8,0,0,0,0,18.3,0,0,0,0,17.8,0,0,0,0,17.5,0,0,0,0,17.3,0,0,0,0,17.4,0,0,0,0,17.8,0,0,0,0,18.1,0,0,0,0,18.2,0,0,0,0,18.3,0,0,0,0,18.6,0,0,0,0,19.2,0,0,0,0,20,0,0,0,0,20.9,0,0,0,0,21.7,0,0,0,0,22.6,0,0,0,0,23.5,0,0,0,0,24.5,0,0,0,0,25.6,0,0,0,0,26.7,0,0,0,0,27.8,0,0,0,0,28.9,0,0,0,0,30,0,0,0,0,31.2,0,0,0,0,32.4,0,0,0,0,33.5,0,0,0,0,34.7,0,0,0,0,35.8
Libya,21,0,0,0,0,19.8,0,0,0,0,19.3,0,0,0,0,18.5,0,0,0,0,17,0,0,0,0,16.1,0,0,0,0,16.1,0,0,0,0,17.4,0,0,0,0,18.5,0,0,0,0,20.2,0,0,0,0,22.1,0,0,0,0,24,0,0,0,0,25.8,0,0,0,0,27.2,0,0,0,0,29,0,0,0,0,30.8,0,0,0,0,32.5,0,0,0,0,34.2,0,0,0,0,35.8,0,0,0,0,37.4,0,0,0,0,38.9,0,0,0,0,40.4,0,0,0,0,41.6,0,0,0,0,42.6,0,0,0,0,43.3,0,0,0,0,43.8,0,0,0,0,44.3,0,0,0,0,44.7,0,0,0,0,45.3,0,0,0,0,45.9,0,0,0,0,46.3
Lithuania,27.8,0,0,0,0,28,0,0,0,0,28.5,0,0,0,0,29.7,0,0,0,0,30.8,0,0,0,0,31.5,0,0,0,0,32,0,0,0,0,32.1,0,0,0,0,32.7,0,0,0,0,34,0,0,0,0,35.9,0,0,0,0,38.5,0,0,0,0,40.6,0,0,0,0,42.7,0,0,0,0,43.5,0,0,0,0,43.7,0,0,0,0,44.1,0,0,0,0,45.1,0,0,0,0,46.3,0,0,0,0,46.8,0,0,0,0,46.2,0,0,0,0,45.3,0,0,0,0,45.2,0,0,0,0,45.5,0,0,0,0,46,0,0,0,0,46.2,0,0,0,0,46.1,0,0,0,0,45.7,0,0,0,0,45.6,0,0,0,0,45.9,0,0,0,0,46.4
Luxembourg,35,0,0,0,0,35.7,0,0,0,0,35.2,0,0,0,0,35.3,0,0,0,0,35.4,0,0,0,0,35,0,0,0,0,35,0,0,0,0,35.8,0,0,0,0,36.4,0,0,0,0,36.7,0,0,0,0,37.3,0,0,0,0,38.5,0,0,0,0,38.9,0,0,0,0,39.3,0,0,0,0,39.7,0,0,0,0,40.3,0,0,0,0,41,0,0,0,0,41.7,0,0,0,0,42.2,0,0,0,0,42.6,0,0,0,0,42.8,0,0,0,0,42.8,0,0,0,0,42.9,0,0,0,0,43.2,0,0,0,0,43.5,0,0,0,0,43.9,0,0,0,0,44.3,0,0,0,0,44.7,0,0,0,0,45.1,0,0,0,0,45.5,0,0,0,0,46.1
"Macedonia, FYR",21.8,0,0,0,0,21.6,0,0,0,0,21.5,0,0,0,0,21.7,0,0,0,0,22.5,0,0,0,0,24,0,0,0,0,25.9,0,0,0,0,27.6,0,0,0,0,29.2,0,0,0,0,30.7,0,0,0,0,32.3,0,0,0,0,34,0,0,0,0,35.7,0,0,0,0,37.4,0,0,0,0,39.1,0,0,0,0,40.9,0,0,0,0,42.6,0,0,0,0,44.3,0,0,0,0,45.8,0,0,0,0,46.8,0,0,0,0,47.3,0,0,0,0,47.6,0,0,0,0,47.7,0,0,0,0,48,0,0,0,0,48.3,0,0,0,0,48.5,0,0,0,0,48.5,0,0,0,0,48.4,0,0,0,0,48.3,0,0,0,0,48.4,0,0,0,0,48.7
Madagascar,20.9,0,0,0,0,20.2,0,0,0,0,19.2,0,0,0,0,17.9,0,0,0,0,17.2,0,0,0,0,17,0,0,0,0,16.8,0,0,0,0,16.9,0,0,0,0,17.1,0,0,0,0,17.2,0,0,0,0,17.3,0,0,0,0,17.5,0,0,0,0,18,0,0,0,0,18.7,0,0,0,0,19.6,0,0,0,0,20.4,0,0,0,0,21.2,0,0,0,0,22.1,0,0,0,0,23,0,0,0,0,23.9,0,0,0,0,24.9,0,0,0,0,26,0,0,0,0,27.1,0,0,0,0,28.1,0,0,0,0,29.2,0,0,0,0,30.3,0,0,0,0,31.4,0,0,0,0,32.5,0,0,0,0,33.6,0,0,0,0,34.7,0,0,0,0,35.9
Malawi,17.1,0,0,0,0,17.3,0,0,0,0,17.4,0,0,0,0,17.5,0,0,0,0,17.2,0,0,0,0,16.7,0,0,0,0,16.3,0,0,0,0,16.2,0,0,0,0,17.1,0,0,0,0,16.9,0,0,0,0,16.5,0,0,0,0,16.4,0,0,0,0,16.7,0,0,0,0,17.4,0,0,0,0,18.1,0,0,0,0,18.9,0,0,0,0,19.9,0,0,0,0,20.9,0,0,0,0,22.1,0,0,0,0,23.3,0,0,0,0,24.5,0,0,0,0,25.8,0,0,0,0,27.1,0,0,0,0,28.4,0,0,0,0,29.6,0,0,0,0,30.9,0,0,0,0,32.2,0,0,0,0,33.4,0,0,0,0,34.6,0,0,0,0,35.9,0,0,0,0,37.1
Malaysia,19.8,0,0,0,0,18.5,0,0,0,0,17.6,0,0,0,0,16.9,0,0,0,0,17.6,0,0,0,0,18.6,0,0,0,0,19.5,0,0,0,0,20.5,0,0,0,0,21.6,0,0,0,0,22.5,0,0,0,0,23.8,0,0,0,0,25,0,0,0,0,26,0,0,0,0,27.7,0,0,0,0,29.9,0,0,0,0,32,0,0,0,0,34.1,0,0,0,0,36,0,0,0,0,37.6,0,0,0,0,39.1,0,0,0,0,40.2,0,0,0,0,41.4,0,0,0,0,42.5,0,0,0,0,43.7,0,0,0,0,44.8,0,0,0,0,45.7,0,0,0,0,46.3,0,0,0,0,46.6,0,0,0,0,46.8,0,0,0,0,47.1,0,0,0,0,47.6
Maldives,18.6,0,0,0,0,19.8,0,0,0,0,20.3,0,0,0,0,19.8,0,0,0,0,17.4,0,0,0,0,17.1,0,0,0,0,17.1,0,0,0,0,16.8,0,0,0,0,16.2,0,0,0,0,16.7,0,0,0,0,18.6,0,0,0,0,22.1,0,0,0,0,25,0,0,0,0,27.9,0,0,0,0,30.6,0,0,0,0,33.3,0,0,0,0,36.3,0,0,0,0,39.1,0,0,0,0,41.4,0,0,0,0,43.1,0,0,0,0,44.4,0,0,0,0,45.7,0,0,0,0,47.4,0,0,0,0,49,0,0,0,0,50.4,0,0,0,0,51.1,0,0,0,0,51,0,0,0,0,50.5,0,0,0,0,50.3,0,0,0,0,50.7,0,0,0,0,51.2
Mali,20.9,0,0,0,0,20.1,0,0,0,0,19.5,0,0,0,0,19.3,0,0,0,0,18.8,0,0,0,0,18.5,0,0,0,0,17.9,0,0,0,0,17.4,0,0,0,0,16.5,0,0,0,0,16.5,0,0,0,0,16.6,0,0,0,0,16.5,0,0,0,0,16.2,0,0,0,0,16,0,0,0,0,16.4,0,0,0,0,17,0,0,0,0,17.8,0,0,0,0,18.6,0,0,0,0,19.4,0,0,0,0,20.4,0,0,0,0,21.6,0,0,0,0,22.8,0,0,0,0,24,0,0,0,0,25.3,0,0,0,0,26.6,0,0,0,0,27.9,0,0,0,0,29.2,0,0,0,0,30.5,0,0,0,0,31.8,0,0,0,0,33.1,0,0,0,0,34.3
Malta,23.7,0,0,0,0,21.7,0,0,0,0,22.6,0,0,0,0,23.9,0,0,0,0,26.6,0,0,0,0,28.9,0,0,0,0,30.9,0,0,0,0,31.7,0,0,0,0,33.1,0,0,0,0,35,0,0,0,0,36.2,0,0,0,0,38.2,0,0,0,0,40.1,0,0,0,0,40.9,0,0,0,0,42.4,0,0,0,0,43.8,0,0,0,0,45.3,0,0,0,0,46.9,0,0,0,0,48.3,0,0,0,0,49.5,0,0,0,0,50.2,0,0,0,0,50.1,0,0,0,0,50,0,0,0,0,50.1,0,0,0,0,50.3,0,0,0,0,50.5,0,0,0,0,50.5,0,0,0,0,50.3,0,0,0,0,49.9,0,0,0,0,49.8,0,0,0,0,50
Mauritania,17.9,0,0,0,0,18,0,0,0,0,17.7,0,0,0,0,17.3,0,0,0,0,17,0,0,0,0,17,0,0,0,0,17.1,0,0,0,0,17.3,0,0,0,0,17.4,0,0,0,0,17.6,0,0,0,0,18.2,0,0,0,0,18.7,0,0,0,0,19.2,0,0,0,0,19.7,0,0,0,0,20.3,0,0,0,0,21,0,0,0,0,21.8,0,0,0,0,22.6,0,0,0,0,23.5,0,0,0,0,24.3,0,0,0,0,25.2,0,0,0,0,26,0,0,0,0,26.8,0,0,0,0,27.7,0,0,0,0,28.5,0,0,0,0,29.3,0,0,0,0,30.1,0,0,0,0,30.9,0,0,0,0,31.7,0,0,0,0,32.5,0,0,0,0,33.3
Mauritius,17.3,0,0,0,0,16.9,0,0,0,0,16.7,0,0,0,0,16.7,0,0,0,0,17.8,0,0,0,0,19.5,0,0,0,0,21.5,0,0,0,0,23.1,0,0,0,0,24.9,0,0,0,0,26.8,0,0,0,0,29,0,0,0,0,30.5,0,0,0,0,32.9,0,0,0,0,35.6,0,0,0,0,37.4,0,0,0,0,39,0,0,0,0,40.4,0,0,0,0,42.2,0,0,0,0,43.9,0,0,0,0,45.3,0,0,0,0,46.8,0,0,0,0,48,0,0,0,0,48.6,0,0,0,0,48.7,0,0,0,0,48.8,0,0,0,0,49,0,0,0,0,49.2,0,0,0,0,49.4,0,0,0,0,49.3,0,0,0,0,49,0,0,0,0,48.8
Mexico,18.7,0,0,0,0,17.8,0,0,0,0,17.1,0,0,0,0,16.6,0,0,0,0,16.6,0,0,0,0,16.6,0,0,0,0,17.2,0,0,0,0,18.2,0,0,0,0,19.5,0,0,0,0,21.2,0,0,0,0,22.7,0,0,0,0,24.2,0,0,0,0,25.9,0,0,0,0,27.5,0,0,0,0,29.3,0,0,0,0,31.2,0,0,0,0,33.2,0,0,0,0,35.2,0,0,0,0,37.2,0,0,0,0,39,0,0,0,0,40.8,0,0,0,0,42.4,0,0,0,0,44,0,0,0,0,45.4,0,0,0,0,46.6,0,0,0,0,47.7,0,0,0,0,48.5,0,0,0,0,49.2,0,0,0,0,49.7,0,0,0,0,50.1,0,0,0,0,50.4
"Micronesia, Fed. Sts.",19.8,0,0,0,0,18.5,0,0,0,0,17.5,0,0,0,0,16.6,0,0,0,0,16.8,0,0,0,0,16.1,0,0,0,0,16.3,0,0,0,0,16.9,0,0,0,0,17.6,0,0,0,0,17.8,0,0,0,0,18.9,0,0,0,0,19.5,0,0,0,0,20.2,0,0,0,0,21.5,0,0,0,0,23,0,0,0,0,24.4,0,0,0,0,25.6,0,0,0,0,26.7,0,0,0,0,27.9,0,0,0,0,29.3,0,0,0,0,30.8,0,0,0,0,32.5,0,0,0,0,34.1,0,0,0,0,35.6,0,0,0,0,37,0,0,0,0,38.2,0,0,0,0,39.1,0,0,0,0,39.8,0,0,0,0,40.5,0,0,0,0,41.3,0,0,0,0,42.3
Moldova,26.6,0,0,0,0,26.6,0,0,0,0,26.1,0,0,0,0,26.2,0,0,0,0,26.3,0,0,0,0,26.2,0,0,0,0,27.7,0,0,0,0,28.7,0,0,0,0,29.9,0,0,0,0,30.8,0,0,0,0,31.3,0,0,0,0,32.4,0,0,0,0,34.2,0,0,0,0,35.6,0,0,0,0,37.6,0,0,0,0,39.9,0,0,0,0,42.7,0,0,0,0,45.4,0,0,0,0,47.5,0,0,0,0,49.2,0,0,0,0,50,0,0,0,0,50,0,0,0,0,50.4,0,0,0,0,51,0,0,0,0,51.2,0,0,0,0,50.8,0,0,0,0,50.1,0,0,0,0,49.4,0,0,0,0,49.1,0,0,0,0,49.1,0,0,0,0,49.3
Mongolia,25,0,0,0,0,24.3,0,0,0,0,23,0,0,0,0,20.4,0,0,0,0,18.3,0,0,0,0,17.5,0,0,0,0,17.8,0,0,0,0,18.5,0,0,0,0,19.3,0,0,0,0,20.3,0,0,0,0,22,0,0,0,0,24,0,0,0,0,25.7,0,0,0,0,27.1,0,0,0,0,28.6,0,0,0,0,29.7,0,0,0,0,30.3,0,0,0,0,30.5,0,0,0,0,31.4,0,0,0,0,32.7,0,0,0,0,34.2,0,0,0,0,35.4,0,0,0,0,36.4,0,0,0,0,37.2,0,0,0,0,37.8,0,0,0,0,38.4,0,0,0,0,39,0,0,0,0,39.9,0,0,0,0,40.9,0,0,0,0,41.9,0,0,0,0,42.6
Montenegro,21.6,0,0,0,0,22.2,0,0,0,0,22.9,0,0,0,0,23.5,0,0,0,0,24.1,0,0,0,0,24.9,0,0,0,0,26.7,0,0,0,0,28.3,0,0,0,0,29.8,0,0,0,0,32.2,0,0,0,0,34.4,0,0,0,0,35,0,0,0,0,36.4,0,0,0,0,37.7,0,0,0,0,39.1,0,0,0,0,40.7,0,0,0,0,42,0,0,0,0,43.3,0,0,0,0,44.5,0,0,0,0,45.6,0,0,0,0,46.4,0,0,0,0,47.3,0,0,0,0,48.2,0,0,0,0,48.9,0,0,0,0,49.3,0,0,0,0,49.6,0,0,0,0,49.8,0,0,0,0,49.9,0,0,0,0,50.1,0,0,0,0,50.2,0,0,0,0,50.3
Morocco,19.5,0,0,0,0,19.2,0,0,0,0,18.1,0,0,0,0,16.3,0,0,0,0,16.2,0,0,0,0,16.8,0,0,0,0,17.8,0,0,0,0,18.7,0,0,0,0,19.8,0,0,0,0,21.1,0,0,0,0,22.7,0,0,0,0,24.4,0,0,0,0,26.3,0,0,0,0,27.9,0,0,0,0,29.6,0,0,0,0,31.4,0,0,0,0,33,0,0,0,0,34.6,0,0,0,0,36,0,0,0,0,37.4,0,0,0,0,38.9,0,0,0,0,40.6,0,0,0,0,42.2,0,0,0,0,43.6,0,0,0,0,44.8,0,0,0,0,45.8,0,0,0,0,46.6,0,0,0,0,47.3,0,0,0,0,48.1,0,0,0,0,48.8,0,0,0,0,49.5
Mozambique,19.1,0,0,0,0,18.9,0,0,0,0,18.5,0,0,0,0,18.2,0,0,0,0,18,0,0,0,0,17.8,0,0,0,0,17.8,0,0,0,0,17.3,0,0,0,0,16.2,0,0,0,0,17.5,0,0,0,0,17.4,0,0,0,0,17.1,0,0,0,0,17,0,0,0,0,17.2,0,0,0,0,17.7,0,0,0,0,18.4,0,0,0,0,19.1,0,0,0,0,19.8,0,0,0,0,20.6,0,0,0,0,21.6,0,0,0,0,22.6,0,0,0,0,23.7,0,0,0,0,24.8,0,0,0,0,26,0,0,0,0,27.2,0,0,0,0,28.4,0,0,0,0,29.6,0,0,0,0,30.8,0,0,0,0,32,0,0,0,0,33.2,0,0,0,0,34.3
Myanmar,22.9,0,0,0,0,22.2,0,0,0,0,20.8,0,0,0,0,19.3,0,0,0,0,18.7,0,0,0,0,19,0,0,0,0,19.3,0,0,0,0,19.8,0,0,0,0,20.8,0,0,0,0,22.1,0,0,0,0,23.4,0,0,0,0,24.7,0,0,0,0,26.3,0,0,0,0,27.7,0,0,0,0,29.1,0,0,0,0,30.5,0,0,0,0,32,0,0,0,0,33.5,0,0,0,0,35.1,0,0,0,0,36.4,0,0,0,0,37.5,0,0,0,0,38.3,0,0,0,0,39.1,0,0,0,0,39.8,0,0,0,0,40.5,0,0,0,0,41.2,0,0,0,0,41.7,0,0,0,0,42,0,0,0,0,42.2,0,0,0,0,42.4,0,0,0,0,42.6
Namibia,20.9,0,0,0,0,20.1,0,0,0,0,19.3,0,0,0,0,18.8,0,0,0,0,18.4,0,0,0,0,17.8,0,0,0,0,16.6,0,0,0,0,16.4,0,0,0,0,17.8,0,0,0,0,18.6,0,0,0,0,19.5,0,0,0,0,19.6,0,0,0,0,19.9,0,0,0,0,21,0,0,0,0,22,0,0,0,0,22.9,0,0,0,0,23.8,0,0,0,0,24.8,0,0,0,0,26.2,0,0,0,0,27.6,0,0,0,0,28.9,0,0,0,0,30.3,0,0,0,0,31.7,0,0,0,0,33,0,0,0,0,34.3,0,0,0,0,35.6,0,0,0,0,36.8,0,0,0,0,38,0,0,0,0,39.1,0,0,0,0,40.2,0,0,0,0,41.1
Nepal,20.5,0,0,0,0,20.2,0,0,0,0,19.9,0,0,0,0,19.6,0,0,0,0,19.2,0,0,0,0,19.4,0,0,0,0,19.3,0,0,0,0,19,0,0,0,0,18.7,0,0,0,0,19,0,0,0,0,19.3,0,0,0,0,20,0,0,0,0,21.3,0,0,0,0,23.2,0,0,0,0,25,0,0,0,0,27.2,0,0,0,0,29.5,0,0,0,0,31.9,0,0,0,0,34.4,0,0,0,0,36.8,0,0,0,0,39,0,0,0,0,41,0,0,0,0,42.9,0,0,0,0,44.7,0,0,0,0,46.4,0,0,0,0,47.9,0,0,0,0,49.1,0,0,0,0,50,0,0,0,0,50.5,0,0,0,0,50.8,0,0,0,0,51.1
Netherlands,28,0,0,0,0,28.5,0,0,0,0,28.6,0,0,0,0,28.5,0,0,0,0,28.6,0,0,0,0,29.4,0,0,0,0,31.3,0,0,0,0,33.1,0,0,0,0,34.6,0,0,0,0,36,0,0,0,0,37.5,0,0,0,0,39,0,0,0,0,40.8,0,0,0,0,42.1,0,0,0,0,43.2,0,0,0,0,43.9,0,0,0,0,44.5,0,0,0,0,45.2,0,0,0,0,45.9,0,0,0,0,46.4,0,0,0,0,46.8,0,0,0,0,47,0,0,0,0,46.9,0,0,0,0,46.9,0,0,0,0,47.1,0,0,0,0,47.5,0,0,0,0,47.9,0,0,0,0,48.2,0,0,0,0,48.3,0,0,0,0,48.5,0,0,0,0,48.7
New Zealand,29.4,0,0,0,0,28.7,0,0,0,0,27.4,0,0,0,0,25.8,0,0,0,0,25.6,0,0,0,0,26.3,0,0,0,0,27.9,0,0,0,0,29.5,0,0,0,0,31.1,0,0,0,0,32.6,0,0,0,0,34.3,0,0,0,0,35.5,0,0,0,0,36.6,0,0,0,0,37.3,0,0,0,0,37.9,0,0,0,0,38.7,0,0,0,0,39.8,0,0,0,0,41,0,0,0,0,42,0,0,0,0,42.6,0,0,0,0,43.1,0,0,0,0,43.7,0,0,0,0,44.3,0,0,0,0,45,0,0,0,0,45.6,0,0,0,0,46.3,0,0,0,0,46.9,0,0,0,0,47.3,0,0,0,0,47.7,0,0,0,0,48.1,0,0,0,0,48.6
Nicaragua,18.2,0,0,0,0,17.4,0,0,0,0,16.4,0,0,0,0,15.5,0,0,0,0,15.9,0,0,0,0,16.3,0,0,0,0,16.4,0,0,0,0,16.5,0,0,0,0,16.9,0,0,0,0,18,0,0,0,0,19.4,0,0,0,0,21.2,0,0,0,0,23.1,0,0,0,0,25.2,0,0,0,0,27.3,0,0,0,0,29.5,0,0,0,0,31.6,0,0,0,0,33.7,0,0,0,0,35.8,0,0,0,0,37.9,0,0,0,0,40,0,0,0,0,42,0,0,0,0,43.9,0,0,0,0,45.6,0,0,0,0,47,0,0,0,0,48.2,0,0,0,0,49.2,0,0,0,0,50,0,0,0,0,50.6,0,0,0,0,51.1,0,0,0,0,51.4
Niger,15.2,0,0,0,0,15.6,0,0,0,0,15.8,0,0,0,0,15.6,0,0,0,0,15.6,0,0,0,0,15.7,0,0,0,0,16,0,0,0,0,15.7,0,0,0,0,15.8,0,0,0,0,15.9,0,0,0,0,15.9,0,0,0,0,15.4,0,0,0,0,15,0,0,0,0,14.9,0,0,0,0,15.1,0,0,0,0,15.3,0,0,0,0,15.7,0,0,0,0,16.1,0,0,0,0,16.7,0,0,0,0,17.3,0,0,0,0,18.1,0,0,0,0,18.9,0,0,0,0,19.8,0,0,0,0,20.9,0,0,0,0,22.1,0,0,0,0,23.2,0,0,0,0,24.4,0,0,0,0,25.6,0,0,0,0,26.9,0,0,0,0,28.2,0,0,0,0,29.4
Nigeria,19.1,0,0,0,0,19.1,0,0,0,0,19.1,0,0,0,0,19,0,0,0,0,18.7,0,0,0,0,18.3,0,0,0,0,18,0,0,0,0,17.5,0,0,0,0,17.4,0,0,0,0,17.7,0,0,0,0,17.9,0,0,0,0,18,0,0,0,0,17.9,0,0,0,0,17.9,0,0,0,0,18.1,0,0,0,0,18.5,0,0,0,0,19.2,0,0,0,0,19.9,0,0,0,0,20.7,0,0,0,0,21.5,0,0,0,0,22.4,0,0,0,0,23.4,0,0,0,0,24.4,0,0,0,0,25.4,0,0,0,0,26.5,0,0,0,0,27.6,0,0,0,0,28.7,0,0,0,0,29.8,0,0,0,0,30.9,0,0,0,0,32,0,0,0,0,33.1
North Korea,18,0,0,0,0,19.1,0,0,0,0,19.9,0,0,0,0,21.1,0,0,0,0,21,0,0,0,0,19.6,0,0,0,0,21.8,0,0,0,0,23.5,0,0,0,0,25,0,0,0,0,27.3,0,0,0,0,29.4,0,0,0,0,31.5,0,0,0,0,33,0,0,0,0,34,0,0,0,0,35.3,0,0,0,0,36.4,0,0,0,0,37.7,0,0,0,0,39.1,0,0,0,0,40.3,0,0,0,0,41.4,0,0,0,0,42.1,0,0,0,0,42.5,0,0,0,0,43,0,0,0,0,43.6,0,0,0,0,44.4,0,0,0,0,45.1,0,0,0,0,45.6,0,0,0,0,46,0,0,0,0,46.2,0,0,0,0,46.5,0,0,0,0,46.9
Norway,32.6,0,0,0,0,33.6,0,0,0,0,34.3,0,0,0,0,34.1,0,0,0,0,32.9,0,0,0,0,32.4,0,0,0,0,33.3,0,0,0,0,34.6,0,0,0,0,35.4,0,0,0,0,36.1,0,0,0,0,36.9,0,0,0,0,38,0,0,0,0,38.7,0,0,0,0,39.2,0,0,0,0,39.7,0,0,0,0,40.3,0,0,0,0,41.1,0,0,0,0,41.8,0,0,0,0,42.4,0,0,0,0,42.9,0,0,0,0,43.2,0,0,0,0,43.6,0,0,0,0,43.8,0,0,0,0,44.2,0,0,0,0,44.6,0,0,0,0,45.1,0,0,0,0,45.5,0,0,0,0,45.9,0,0,0,0,46.3,0,0,0,0,46.6,0,0,0,0,47.1
Oman,18.8,0,0,0,0,18.5,0,0,0,0,18,0,0,0,0,17.4,0,0,0,0,16.9,0,0,0,0,17.1,0,0,0,0,17.6,0,0,0,0,17.5,0,0,0,0,17.9,0,0,0,0,20.9,0,0,0,0,20.9,0,0,0,0,22.9,0,0,0,0,26.2,0,0,0,0,29,0,0,0,0,30.7,0,0,0,0,32.2,0,0,0,0,34.1,0,0,0,0,35.8,0,0,0,0,36.8,0,0,0,0,38,0,0,0,0,39.9,0,0,0,0,42,0,0,0,0,44,0,0,0,0,45.9,0,0,0,0,47.4,0,0,0,0,48.3,0,0,0,0,48.7,0,0,0,0,48.8,0,0,0,0,48.9,0,0,0,0,49.1,0,0,0,0,49.5
Pakistan,19.8,0,0,0,0,20.2,0,0,0,0,20.2,0,0,0,0,20,0,0,0,0,19.3,0,0,0,0,18.6,0,0,0,0,18.5,0,0,0,0,18.6,0,0,0,0,18.5,0,0,0,0,18.6,0,0,0,0,19.2,0,0,0,0,20.2,0,0,0,0,21.4,0,0,0,0,22.5,0,0,0,0,23.5,0,0,0,0,24.5,0,0,0,0,25.6,0,0,0,0,26.8,0,0,0,0,28.2,0,0,0,0,29.6,0,0,0,0,30.9,0,0,0,0,32.3,0,0,0,0,33.5,0,0,0,0,34.6,0,0,0,0,35.7,0,0,0,0,36.7,0,0,0,0,37.8,0,0,0,0,38.8,0,0,0,0,39.9,0,0,0,0,40.7,0,0,0,0,41.5
Palestine,17.3,0,0,0,0,17,0,0,0,0,16.8,0,0,0,0,16.1,0,0,0,0,15.3,0,0,0,0,14.8,0,0,0,0,15.1,0,0,0,0,15.5,0,0,0,0,15.7,0,0,0,0,15.7,0,0,0,0,16,0,0,0,0,17,0,0,0,0,18.2,0,0,0,0,19.3,0,0,0,0,20.4,0,0,0,0,21.4,0,0,0,0,22.4,0,0,0,0,23.6,0,0,0,0,24.9,0,0,0,0,26.3,0,0,0,0,27.6,0,0,0,0,29,0,0,0,0,30.3,0,0,0,0,31.6,0,0,0,0,32.9,0,0,0,0,34.2,0,0,0,0,35.5,0,0,0,0,36.8,0,0,0,0,38,0,0,0,0,39.2,0,0,0,0,40.4
Panama,18.8,0,0,0,0,18.4,0,0,0,0,18,0,0,0,0,17.8,0,0,0,0,17.8,0,0,0,0,18.3,0,0,0,0,19.1,0,0,0,0,20.3,0,0,0,0,21.7,0,0,0,0,23.1,0,0,0,0,24.5,0,0,0,0,25.9,0,0,0,0,27.2,0,0,0,0,28.4,0,0,0,0,29.7,0,0,0,0,30.9,0,0,0,0,32.3,0,0,0,0,33.6,0,0,0,0,34.9,0,0,0,0,36.3,0,0,0,0,37.6,0,0,0,0,38.9,0,0,0,0,40.1,0,0,0,0,41.3,0,0,0,0,42.4,0,0,0,0,43.4,0,0,0,0,44.4,0,0,0,0,45.3,0,0,0,0,46.1,0,0,0,0,46.9,0,0,0,0,47.6
Papua New Guinea,20.3,0,0,0,0,19.5,0,0,0,0,18.9,0,0,0,0,18.3,0,0,0,0,18,0,0,0,0,18,0,0,0,0,18,0,0,0,0,18.2,0,0,0,0,18.7,0,0,0,0,19.3,0,0,0,0,19.8,0,0,0,0,20.4,0,0,0,0,20.9,0,0,0,0,21.7,0,0,0,0,22.6,0,0,0,0,23.6,0,0,0,0,24.6,0,0,0,0,25.6,0,0,0,0,26.6,0,0,0,0,27.5,0,0,0,0,28.5,0,0,0,0,29.4,0,0,0,0,30.3,0,0,0,0,31.2,0,0,0,0,32.2,0,0,0,0,33,0,0,0,0,33.9,0,0,0,0,34.7,0,0,0,0,35.6,0,0,0,0,36.4,0,0,0,0,37.2
Paraguay,16.5,0,0,0,0,16.2,0,0,0,0,16,0,0,0,0,16.2,0,0,0,0,16.7,0,0,0,0,17.6,0,0,0,0,18.4,0,0,0,0,18.9,0,0,0,0,19.4,0,0,0,0,19.7,0,0,0,0,20.5,0,0,0,0,21.9,0,0,0,0,23.3,0,0,0,0,24.9,0,0,0,0,26.5,0,0,0,0,28.1,0,0,0,0,29.8,0,0,0,0,31.3,0,0,0,0,32.7,0,0,0,0,34.2,0,0,0,0,35.6,0,0,0,0,37,0,0,0,0,38.4,0,0,0,0,39.7,0,0,0,0,40.9,0,0,0,0,42,0,0,0,0,42.9,0,0,0,0,43.8,0,0,0,0,44.5,0,0,0,0,45.2,0,0,0,0,45.9
Peru,19.1,0,0,0,0,18.8,0,0,0,0,18.3,0,0,0,0,17.8,0,0,0,0,17.7,0,0,0,0,18.1,0,0,0,0,18.5,0,0,0,0,19.4,0,0,0,0,20.4,0,0,0,0,21.5,0,0,0,0,22.8,0,0,0,0,24.3,0,0,0,0,25.9,0,0,0,0,27.5,0,0,0,0,29.1,0,0,0,0,30.8,0,0,0,0,32.4,0,0,0,0,33.9,0,0,0,0,35.5,0,0,0,0,37,0,0,0,0,38.6,0,0,0,0,40.1,0,0,0,0,41.6,0,0,0,0,42.9,0,0,0,0,44.1,0,0,0,0,45.2,0,0,0,0,46.1,0,0,0,0,46.9,0,0,0,0,47.7,0,0,0,0,48.4,0,0,0,0,48.9
Philippines,18.2,0,0,0,0,17.2,0,0,0,0,16.5,0,0,0,0,16.3,0,0,0,0,16.7,0,0,0,0,17.4,0,0,0,0,18.1,0,0,0,0,18.7,0,0,0,0,19.2,0,0,0,0,19.8,0,0,0,0,20.5,0,0,0,0,21.3,0,0,0,0,23.1,0,0,0,0,24.1,0,0,0,0,25.2,0,0,0,0,26.4,0,0,0,0,27.5,0,0,0,0,28.5,0,0,0,0,29.6,0,0,0,0,30.7,0,0,0,0,31.8,0,0,0,0,33,0,0,0,0,34.1,0,0,0,0,35.2,0,0,0,0,36.3,0,0,0,0,37.4,0,0,0,0,38.4,0,0,0,0,39.4,0,0,0,0,40.4,0,0,0,0,41.3,0,0,0,0,42.1
Poland,25.8,0,0,0,0,26,0,0,0,0,26.5,0,0,0,0,27.4,0,0,0,0,28.1,0,0,0,0,28.6,0,0,0,0,29.5,0,0,0,0,30.7,0,0,0,0,32.2,0,0,0,0,33.6,0,0,0,0,35,0,0,0,0,36.6,0,0,0,0,38.1,0,0,0,0,39.7,0,0,0,0,41.8,0,0,0,0,43.9,0,0,0,0,46.3,0,0,0,0,48.4,0,0,0,0,50.2,0,0,0,0,51.5,0,0,0,0,52.2,0,0,0,0,52.4,0,0,0,0,52.8,0,0,0,0,53.3,0,0,0,0,53.6,0,0,0,0,53.3,0,0,0,0,52.6,0,0,0,0,51.9,0,0,0,0,51.4,0,0,0,0,51.4,0,0,0,0,51.5
Portugal,26.1,0,0,0,0,27.2,0,0,0,0,27.9,0,0,0,0,28.9,0,0,0,0,29.6,0,0,0,0,29.8,0,0,0,0,30.7,0,0,0,0,32.1,0,0,0,0,34.2,0,0,0,0,36,0,0,0,0,37.9,0,0,0,0,39.5,0,0,0,0,41.6,0,0,0,0,43.9,0,0,0,0,46.2,0,0,0,0,48.2,0,0,0,0,50.1,0,0,0,0,51.4,0,0,0,0,52.2,0,0,0,0,52.6,0,0,0,0,53.1,0,0,0,0,53.6,0,0,0,0,54,0,0,0,0,54.2,0,0,0,0,53.9,0,0,0,0,53.3,0,0,0,0,52.8,0,0,0,0,52.7,0,0,0,0,52.7,0,0,0,0,52.7,0,0,0,0,52.5
Qatar,18.9,0,0,0,0,19.4,0,0,0,0,19.4,0,0,0,0,20.4,0,0,0,0,22,0,0,0,0,23.2,0,0,0,0,23.4,0,0,0,0,26.9,0,0,0,0,28.7,0,0,0,0,29,0,0,0,0,30.5,0,0,0,0,31,0,0,0,0,31.8,0,0,0,0,31.3,0,0,0,0,31.9,0,0,0,0,33.2,0,0,0,0,34.7,0,0,0,0,36.5,0,0,0,0,38,0,0,0,0,39.4,0,0,0,0,40.5,0,0,0,0,41.6,0,0,0,0,42.5,0,0,0,0,43.4,0,0,0,0,44.2,0,0,0,0,44.9,0,0,0,0,45.5,0,0,0,0,45.9,0,0,0,0,46.2,0,0,0,0,46.5,0,0,0,0,47
Romania,26.3,0,0,0,0,27.2,0,0,0,0,28.3,0,0,0,0,29.9,0,0,0,0,30.6,0,0,0,0,30.2,0,0,0,0,30.4,0,0,0,0,31.6,0,0,0,0,32.6,0,0,0,0,33.9,0,0,0,0,34.9,0,0,0,0,37,0,0,0,0,39.4,0,0,0,0,41.3,0,0,0,0,43,0,0,0,0,44.5,0,0,0,0,45.4,0,0,0,0,46.7,0,0,0,0,47.6,0,0,0,0,47.8,0,0,0,0,48,0,0,0,0,48.2,0,0,0,0,48.4,0,0,0,0,48.3,0,0,0,0,48.2,0,0,0,0,48.1,0,0,0,0,48,0,0,0,0,48.1,0,0,0,0,48.2,0,0,0,0,48.4,0,0,0,0,48.6
Russia,24.3,0,0,0,0,26.1,0,0,0,0,27.2,0,0,0,0,28.6,0,0,0,0,30.8,0,0,0,0,30.8,0,0,0,0,31.4,0,0,0,0,32.2,0,0,0,0,33.4,0,0,0,0,35,0,0,0,0,36.5,0,0,0,0,37.3,0,0,0,0,38,0,0,0,0,38.7,0,0,0,0,39.6,0,0,0,0,41,0,0,0,0,42.6,0,0,0,0,43.9,0,0,0,0,43.8,0,0,0,0,42.2,0,0,0,0,41.4,0,0,0,0,41.7,0,0,0,0,42.3,0,0,0,0,42.6,0,0,0,0,42.6,0,0,0,0,42.1,0,0,0,0,41.9,0,0,0,0,42.1,0,0,0,0,42.7,0,0,0,0,43.4,0,0,0,0,43.9
Rwanda,18,0,0,0,0,17.5,0,0,0,0,16.3,0,0,0,0,15.4,0,0,0,0,16,0,0,0,0,16.2,0,0,0,0,16,0,0,0,0,15.2,0,0,0,0,15.3,0,0,0,0,17.8,0,0,0,0,17.3,0,0,0,0,18.3,0,0,0,0,19.1,0,0,0,0,19.4,0,0,0,0,20.3,0,0,0,0,21.5,0,0,0,0,22.9,0,0,0,0,24.3,0,0,0,0,25.8,0,0,0,0,27.2,0,0,0,0,28.7,0,0,0,0,30.2,0,0,0,0,31.7,0,0,0,0,33.3,0,0,0,0,34.8,0,0,0,0,36.4,0,0,0,0,38,0,0,0,0,39.5,0,0,0,0,40.8,0,0,0,0,42,0,0,0,0,43.1
Samoa,16.6,0,0,0,0,15.6,0,0,0,0,15.2,0,0,0,0,14.5,0,0,0,0,14.7,0,0,0,0,15,0,0,0,0,16.4,0,0,0,0,17.6,0,0,0,0,18.7,0,0,0,0,19.1,0,0,0,0,19.5,0,0,0,0,20.3,0,0,0,0,20.8,0,0,0,0,21.2,0,0,0,0,22,0,0,0,0,23,0,0,0,0,24.1,0,0,0,0,25.4,0,0,0,0,26.5,0,0,0,0,27.5,0,0,0,0,28.6,0,0,0,0,29.7,0,0,0,0,31,0,0,0,0,32.4,0,0,0,0,33.9,0,0,0,0,35.6,0,0,0,0,37.3,0,0,0,0,38.9,0,0,0,0,40.4,0,0,0,0,41.6,0,0,0,0,42.7
Sao Tome and Principe,24.5,0,0,0,0,24.5,0,0,0,0,24.6,0,0,0,0,20.2,0,0,0,0,16.3,0,0,0,0,16.1,0,0,0,0,16.3,0,0,0,0,16.1,0,0,0,0,16,0,0,0,0,16.6,0,0,0,0,17.3,0,0,0,0,17.5,0,0,0,0,17.8,0,0,0,0,18.1,0,0,0,0,18.7,0,0,0,0,19.6,0,0,0,0,20.7,0,0,0,0,21.8,0,0,0,0,22.8,0,0,0,0,23.7,0,0,0,0,24.7,0,0,0,0,25.8,0,0,0,0,26.9,0,0,0,0,27.9,0,0,0,0,29,0,0,0,0,30,0,0,0,0,31,0,0,0,0,32,0,0,0,0,33,0,0,0,0,33.9,0,0,0,0,34.8
Saudi Arabia,19,0,0,0,0,18.8,0,0,0,0,18.5,0,0,0,0,18.2,0,0,0,0,18,0,0,0,0,18,0,0,0,0,18.4,0,0,0,0,19.3,0,0,0,0,19.5,0,0,0,0,19.4,0,0,0,0,21.3,0,0,0,0,23.7,0,0,0,0,25.9,0,0,0,0,29.8,0,0,0,0,31.9,0,0,0,0,33.2,0,0,0,0,34.7,0,0,0,0,36,0,0,0,0,37.2,0,0,0,0,38.5,0,0,0,0,39.6,0,0,0,0,40.8,0,0,0,0,42.1,0,0,0,0,43.2,0,0,0,0,44.2,0,0,0,0,45,0,0,0,0,45.5,0,0,0,0,45.9,0,0,0,0,46.4,0,0,0,0,47,0,0,0,0,47.5
Senegal,19.1,0,0,0,0,18.6,0,0,0,0,18.2,0,0,0,0,17.7,0,0,0,0,17.7,0,0,0,0,17.6,0,0,0,0,16.8,0,0,0,0,16.3,0,0,0,0,16.4,0,0,0,0,16.8,0,0,0,0,17.3,0,0,0,0,17.8,0,0,0,0,18.1,0,0,0,0,18.3,0,0,0,0,18.7,0,0,0,0,19.3,0,0,0,0,20.2,0,0,0,0,21.3,0,0,0,0,22.3,0,0,0,0,23.3,0,0,0,0,24.2,0,0,0,0,25.2,0,0,0,0,26.2,0,0,0,0,27.3,0,0,0,0,28.3,0,0,0,0,29.4,0,0,0,0,30.5,0,0,0,0,31.6,0,0,0,0,32.7,0,0,0,0,33.8,0,0,0,0,34.8
Serbia,25.8,0,0,0,0,26.5,0,0,0,0,27.9,0,0,0,0,29.2,0,0,0,0,30.1,0,0,0,0,29.9,0,0,0,0,30.9,0,0,0,0,32.1,0,0,0,0,33.2,0,0,0,0,34.1,0,0,0,0,36.1,0,0,0,0,37.3,0,0,0,0,38.8,0,0,0,0,40,0,0,0,0,41.2,0,0,0,0,42.2,0,0,0,0,43.2,0,0,0,0,44.3,0,0,0,0,45.1,0,0,0,0,45.8,0,0,0,0,46.4,0,0,0,0,46.8,0,0,0,0,47.1,0,0,0,0,47.4,0,0,0,0,47.7,0,0,0,0,47.9,0,0,0,0,48.1,0,0,0,0,48.2,0,0,0,0,48.3,0,0,0,0,48.5,0,0,0,0,48.7
Seychelles,26.1,0,0,0,0,24,0,0,0,0,22,0,0,0,0,19.9,0,0,0,0,18,0,0,0,0,18.9,0,0,0,0,19.9,0,0,0,0,21.8,0,0,0,0,21.9,0,0,0,0,24.5,0,0,0,0,26.3,0,0,0,0,29,0,0,0,0,31.3,0,0,0,0,34.6,0,0,0,0,36.2,0,0,0,0,37.7,0,0,0,0,39.1,0,0,0,0,39.9,0,0,0,0,39.9,0,0,0,0,39.6,0,0,0,0,40.1,0,0,0,0,41.3,0,0,0,0,42.3,0,0,0,0,43.1,0,0,0,0,43.5,0,0,0,0,43.7,0,0,0,0,44.2,0,0,0,0,45,0,0,0,0,46,0,0,0,0,46.8,0,0,0,0,47.4
Sierra Leone,20.4,0,0,0,0,20.5,0,0,0,0,20.6,0,0,0,0,20.5,0,0,0,0,20.2,0,0,0,0,19.4,0,0,0,0,18.5,0,0,0,0,17.8,0,0,0,0,17.4,0,0,0,0,17.4,0,0,0,0,17.5,0,0,0,0,17.6,0,0,0,0,17.8,0,0,0,0,18.3,0,0,0,0,19.1,0,0,0,0,20,0,0,0,0,21.2,0,0,0,0,22.4,0,0,0,0,23.7,0,0,0,0,24.9,0,0,0,0,26.3,0,0,0,0,27.6,0,0,0,0,28.9,0,0,0,0,30.2,0,0,0,0,31.4,0,0,0,0,32.6,0,0,0,0,33.7,0,0,0,0,34.7,0,0,0,0,35.7,0,0,0,0,36.6,0,0,0,0,37.3
Singapore,20,0,0,0,0,19.4,0,0,0,0,18.8,0,0,0,0,18.1,0,0,0,0,19.7,0,0,0,0,21.9,0,0,0,0,24.5,0,0,0,0,27.3,0,0,0,0,29.3,0,0,0,0,31.8,0,0,0,0,34.1,0,0,0,0,35.9,0,0,0,0,37.3,0,0,0,0,40,0,0,0,0,42.4,0,0,0,0,44.9,0,0,0,0,47,0,0,0,0,48.8,0,0,0,0,50.2,0,0,0,0,51.6,0,0,0,0,52.8,0,0,0,0,53.7,0,0,0,0,54.3,0,0,0,0,54.7,0,0,0,0,55,0,0,0,0,55.3,0,0,0,0,55.6,0,0,0,0,55.9,0,0,0,0,56.3,0,0,0,0,56.5,0,0,0,0,56.8
Slovak Republic,27,0,0,0,0,27.4,0,0,0,0,27.6,0,0,0,0,28,0,0,0,0,28.3,0,0,0,0,28.4,0,0,0,0,28.8,0,0,0,0,30,0,0,0,0,31.2,0,0,0,0,32.4,0,0,0,0,33.9,0,0,0,0,35.4,0,0,0,0,37.3,0,0,0,0,39.2,0,0,0,0,41.2,0,0,0,0,43.2,0,0,0,0,45.1,0,0,0,0,46.8,0,0,0,0,48.2,0,0,0,0,49,0,0,0,0,49,0,0,0,0,48.7,0,0,0,0,48.7,0,0,0,0,48.9,0,0,0,0,49,0,0,0,0,48.9,0,0,0,0,48.5,0,0,0,0,48.2,0,0,0,0,48.1,0,0,0,0,48.3,0,0,0,0,48.6
Slovenia,27.7,0,0,0,0,28.2,0,0,0,0,29.2,0,0,0,0,30.3,0,0,0,0,31,0,0,0,0,31.4,0,0,0,0,31.6,0,0,0,0,32.5,0,0,0,0,34.1,0,0,0,0,36.2,0,0,0,0,38.1,0,0,0,0,40,0,0,0,0,41.5,0,0,0,0,43,0,0,0,0,44.5,0,0,0,0,46.3,0,0,0,0,48,0,0,0,0,49.5,0,0,0,0,50.5,0,0,0,0,50.5,0,0,0,0,49.6,0,0,0,0,48.8,0,0,0,0,48.8,0,0,0,0,48.9,0,0,0,0,48.9,0,0,0,0,48.5,0,0,0,0,48,0,0,0,0,47.7,0,0,0,0,47.9,0,0,0,0,48.5,0,0,0,0,49
Solomon Islands,18.3,0,0,0,0,18.6,0,0,0,0,18.3,0,0,0,0,18.3,0,0,0,0,18.2,0,0,0,0,16.3,0,0,0,0,16.3,0,0,0,0,16.2,0,0,0,0,16.9,0,0,0,0,17.9,0,0,0,0,18.7,0,0,0,0,19.1,0,0,0,0,19.5,0,0,0,0,19.9,0,0,0,0,20.8,0,0,0,0,22,0,0,0,0,23.2,0,0,0,0,24.5,0,0,0,0,25.7,0,0,0,0,26.9,0,0,0,0,28.1,0,0,0,0,29.2,0,0,0,0,30.4,0,0,0,0,31.7,0,0,0,0,33,0,0,0,0,34.3,0,0,0,0,35.7,0,0,0,0,36.9,0,0,0,0,38.1,0,0,0,0,39.3,0,0,0,0,40.4
Somalia,19.5,0,0,0,0,19.2,0,0,0,0,18.9,0,0,0,0,18.5,0,0,0,0,18.3,0,0,0,0,18.2,0,0,0,0,18.1,0,0,0,0,18,0,0,0,0,17.8,0,0,0,0,17.4,0,0,0,0,16.5,0,0,0,0,16.1,0,0,0,0,16.1,0,0,0,0,16.5,0,0,0,0,16.8,0,0,0,0,17.2,0,0,0,0,17.7,0,0,0,0,18.3,0,0,0,0,19,0,0,0,0,19.8,0,0,0,0,20.7,0,0,0,0,21.7,0,0,0,0,22.6,0,0,0,0,23.6,0,0,0,0,24.6,0,0,0,0,25.7,0,0,0,0,26.8,0,0,0,0,27.9,0,0,0,0,28.9,0,0,0,0,30,0,0,0,0,31.1
South Africa,21.1,0,0,0,0,20.3,0,0,0,0,19.6,0,0,0,0,19.1,0,0,0,0,19,0,0,0,0,19.2,0,0,0,0,19.3,0,0,0,0,19.6,0,0,0,0,20.1,0,0,0,0,21.6,0,0,0,0,22.8,0,0,0,0,23.8,0,0,0,0,24.8,0,0,0,0,26.1,0,0,0,0,27.3,0,0,0,0,28.5,0,0,0,0,29.6,0,0,0,0,30.7,0,0,0,0,31.8,0,0,0,0,32.9,0,0,0,0,34.1,0,0,0,0,35.4,0,0,0,0,36.5,0,0,0,0,37.6,0,0,0,0,38.6,0,0,0,0,39.5,0,0,0,0,40.4,0,0,0,0,41.2,0,0,0,0,42,0,0,0,0,42.7,0,0,0,0,43.3
South Korea,19,0,0,0,0,18.9,0,0,0,0,18.6,0,0,0,0,18.4,0,0,0,0,19,0,0,0,0,19.9,0,0,0,0,22.1,0,0,0,0,24.3,0,0,0,0,26.9,0,0,0,0,29.3,0,0,0,0,31.9,0,0,0,0,34.8,0,0,0,0,38,0,0,0,0,40.8,0,0,0,0,43.4,0,0,0,0,45.6,0,0,0,0,47.8,0,0,0,0,49.7,0,0,0,0,51.1,0,0,0,0,52.6,0,0,0,0,53.9,0,0,0,0,54.7,0,0,0,0,54.3,0,0,0,0,53.5,0,0,0,0,52.8,0,0,0,0,52.5,0,0,0,0,52.4,0,0,0,0,52.4,0,0,0,0,52.3,0,0,0,0,51.8,0,0,0,0,51.5
South Sudan,18.1,0,0,0,0,18.6,0,0,0,0,18.8,0,0,0,0,18.9,0,0,0,0,18.6,0,0,0,0,17.9,0,0,0,0,17.7,0,0,0,0,17.8,0,0,0,0,17.8,0,0,0,0,17.7,0,0,0,0,17.6,0,0,0,0,17.7,0,0,0,0,18.1,0,0,0,0,18.6,0,0,0,0,19.2,0,0,0,0,19.8,0,0,0,0,20.6,0,0,0,0,21.5,0,0,0,0,22.5,0,0,0,0,23.5,0,0,0,0,24.5,0,0,0,0,25.6,0,0,0,0,26.7,0,0,0,0,27.8,0,0,0,0,28.9,0,0,0,0,29.9,0,0,0,0,31,0,0,0,0,32.1,0,0,0,0,33.2,0,0,0,0,34.2,0,0,0,0,35.3
Spain,27.5,0,0,0,0,28.6,0,0,0,0,29.2,0,0,0,0,30,0,0,0,0,29.8,0,0,0,0,29.9,0,0,0,0,30.4,0,0,0,0,31.6,0,0,0,0,33.4,0,0,0,0,35.5,0,0,0,0,37.6,0,0,0,0,39.1,0,0,0,0,40.6,0,0,0,0,43.2,0,0,0,0,45.5,0,0,0,0,47.9,0,0,0,0,50.1,0,0,0,0,51.6,0,0,0,0,52.5,0,0,0,0,52.6,0,0,0,0,52.3,0,0,0,0,52.1,0,0,0,0,52.3,0,0,0,0,52.3,0,0,0,0,51.9,0,0,0,0,51.3,0,0,0,0,50.9,0,0,0,0,50.8,0,0,0,0,51,0,0,0,0,51.4,0,0,0,0,51.7
Sri Lanka,21.2,0,0,0,0,20,0,0,0,0,19.1,0,0,0,0,19.1,0,0,0,0,19.6,0,0,0,0,20.6,0,0,0,0,21.7,0,0,0,0,22.8,0,0,0,0,24.2,0,0,0,0,25.8,0,0,0,0,27.6,0,0,0,0,28.9,0,0,0,0,30.4,0,0,0,0,32.3,0,0,0,0,34.1,0,0,0,0,35.7,0,0,0,0,37.1,0,0,0,0,38.4,0,0,0,0,39.6,0,0,0,0,41,0,0,0,0,42.6,0,0,0,0,44.2,0,0,0,0,45.5,0,0,0,0,46.6,0,0,0,0,47.4,0,0,0,0,48.1,0,0,0,0,48.8,0,0,0,0,49.6,0,0,0,0,50.4,0,0,0,0,51,0,0,0,0,51.4
St. Lucia,20.7,0,0,0,0,20.1,0,0,0,0,17.7,0,0,0,0,16.4,0,0,0,0,15,0,0,0,0,16.5,0,0,0,0,17.5,0,0,0,0,18.9,0,0,0,0,21.4,0,0,0,0,23.1,0,0,0,0,24.3,0,0,0,0,26.2,0,0,0,0,30.3,0,0,0,0,32.6,0,0,0,0,34.9,0,0,0,0,37.1,0,0,0,0,39.4,0,0,0,0,42,0,0,0,0,44.5,0,0,0,0,46.8,0,0,0,0,48.9,0,0,0,0,50.4,0,0,0,0,51.4,0,0,0,0,52.1,0,0,0,0,52.7,0,0,0,0,53.2,0,0,0,0,53.4,0,0,0,0,53.4,0,0,0,0,53.2,0,0,0,0,52.8,0,0,0,0,52.5
St. Vincent and the Grenadines,15.4,0,0,0,0,14.9,0,0,0,0,15.2,0,0,0,0,14.8,0,0,0,0,15.1,0,0,0,0,16,0,0,0,0,17.4,0,0,0,0,19.1,0,0,0,0,20.4,0,0,0,0,22.3,0,0,0,0,24.2,0,0,0,0,26.3,0,0,0,0,27.9,0,0,0,0,29.8,0,0,0,0,31.8,0,0,0,0,33.7,0,0,0,0,35.7,0,0,0,0,37.6,0,0,0,0,39.3,0,0,0,0,40.7,0,0,0,0,42.2,0,0,0,0,43.6,0,0,0,0,45,0,0,0,0,46.2,0,0,0,0,47.3,0,0,0,0,48.2,0,0,0,0,48.9,0,0,0,0,49.5,0,0,0,0,50.1,0,0,0,0,50.7,0,0,0,0,51.1
Sudan,18.1,0,0,0,0,17.8,0,0,0,0,17.5,0,0,0,0,17.1,0,0,0,0,16.8,0,0,0,0,16.5,0,0,0,0,16.4,0,0,0,0,16.6,0,0,0,0,17,0,0,0,0,17.7,0,0,0,0,17.9,0,0,0,0,18.1,0,0,0,0,18.3,0,0,0,0,18.9,0,0,0,0,19.7,0,0,0,0,20.6,0,0,0,0,21.6,0,0,0,0,22.5,0,0,0,0,23.3,0,0,0,0,24.2,0,0,0,0,25.1,0,0,0,0,26.2,0,0,0,0,27.2,0,0,0,0,28.2,0,0,0,0,29.1,0,0,0,0,30,0,0,0,0,31,0,0,0,0,31.9,0,0,0,0,32.8,0,0,0,0,33.7,0,0,0,0,34.6
Suriname,20.1,0,0,0,0,18.9,0,0,0,0,16.5,0,0,0,0,16,0,0,0,0,15.8,0,0,0,0,16.1,0,0,0,0,18.9,0,0,0,0,21.5,0,0,0,0,22.8,0,0,0,0,23.9,0,0,0,0,25.1,0,0,0,0,25.9,0,0,0,0,27.2,0,0,0,0,28.4,0,0,0,0,29.6,0,0,0,0,31,0,0,0,0,32.4,0,0,0,0,33.8,0,0,0,0,35,0,0,0,0,36.2,0,0,0,0,37.4,0,0,0,0,38.5,0,0,0,0,39.6,0,0,0,0,40.7,0,0,0,0,41.7,0,0,0,0,42.5,0,0,0,0,43.3,0,0,0,0,44,0,0,0,0,44.6,0,0,0,0,45.2,0,0,0,0,45.7
Swaziland,18.4,0,0,0,0,17.9,0,0,0,0,17.4,0,0,0,0,16.8,0,0,0,0,16.3,0,0,0,0,15.9,0,0,0,0,15.6,0,0,0,0,15.6,0,0,0,0,16,0,0,0,0,16.3,0,0,0,0,17.2,0,0,0,0,18,0,0,0,0,19.2,0,0,0,0,20.4,0,0,0,0,21.5,0,0,0,0,22.4,0,0,0,0,23.5,0,0,0,0,24.7,0,0,0,0,26.2,0,0,0,0,27.7,0,0,0,0,29.2,0,0,0,0,30.7,0,0,0,0,32.2,0,0,0,0,33.7,0,0,0,0,35,0,0,0,0,36.3,0,0,0,0,37.6,0,0,0,0,38.8,0,0,0,0,39.9,0,0,0,0,40.9,0,0,0,0,41.8
Sweden,34.2,0,0,0,0,35.1,0,0,0,0,36,0,0,0,0,36.2,0,0,0,0,35.4,0,0,0,0,35.4,0,0,0,0,36.3,0,0,0,0,37.7,0,0,0,0,38.4,0,0,0,0,38.5,0,0,0,0,39.4,0,0,0,0,40.3,0,0,0,0,40.7,0,0,0,0,40.9,0,0,0,0,41,0,0,0,0,41.3,0,0,0,0,42,0,0,0,0,42.9,0,0,0,0,43.5,0,0,0,0,43.2,0,0,0,0,43.2,0,0,0,0,43.4,0,0,0,0,43.7,0,0,0,0,44.1,0,0,0,0,44.5,0,0,0,0,44.9,0,0,0,0,45,0,0,0,0,45.2,0,0,0,0,45.5,0,0,0,0,46,0,0,0,0,46.5
Switzerland,33.2,0,0,0,0,32.9,0,0,0,0,32.7,0,0,0,0,31.5,0,0,0,0,31.8,0,0,0,0,32.9,0,0,0,0,34.6,0,0,0,0,36,0,0,0,0,36.9,0,0,0,0,37.2,0,0,0,0,38.6,0,0,0,0,40.1,0,0,0,0,41.6,0,0,0,0,42.2,0,0,0,0,43.1,0,0,0,0,44,0,0,0,0,45.2,0,0,0,0,46.2,0,0,0,0,47,0,0,0,0,47.5,0,0,0,0,47.5,0,0,0,0,47.3,0,0,0,0,47.2,0,0,0,0,47.4,0,0,0,0,47.7,0,0,0,0,48,0,0,0,0,48.3,0,0,0,0,48.4,0,0,0,0,48.6,0,0,0,0,48.9,0,0,0,0,49.4
Syria,20.3,0,0,0,0,18.8,0,0,0,0,17,0,0,0,0,15.8,0,0,0,0,15.9,0,0,0,0,15.8,0,0,0,0,15.5,0,0,0,0,15.6,0,0,0,0,16.3,0,0,0,0,17.5,0,0,0,0,18.7,0,0,0,0,19.7,0,0,0,0,21.5,0,0,0,0,20.2,0,0,0,0,21.7,0,0,0,0,24.4,0,0,0,0,26.5,0,0,0,0,28.4,0,0,0,0,30.3,0,0,0,0,32.2,0,0,0,0,34.1,0,0,0,0,35.8,0,0,0,0,37.4,0,0,0,0,39,0,0,0,0,40.5,0,0,0,0,41.9,0,0,0,0,43.3,0,0,0,0,44.6,0,0,0,0,45.6,0,0,0,0,46.5,0,0,0,0,47.1
Tajikistan,22.3,0,0,0,0,22.4,0,0,0,0,21.6,0,0,0,0,18.6,0,0,0,0,17.1,0,0,0,0,17.6,0,0,0,0,18.2,0,0,0,0,18.4,0,0,0,0,18.1,0,0,0,0,17.8,0,0,0,0,18.3,0,0,0,0,19.8,0,0,0,0,21.3,0,0,0,0,22.4,0,0,0,0,23.3,0,0,0,0,24.1,0,0,0,0,24.8,0,0,0,0,26,0,0,0,0,27.3,0,0,0,0,28.6,0,0,0,0,29.9,0,0,0,0,31.1,0,0,0,0,32.3,0,0,0,0,33.4,0,0,0,0,34.4,0,0,0,0,35.6,0,0,0,0,36.9,0,0,0,0,38.3,0,0,0,0,39.5,0,0,0,0,40.7,0,0,0,0,41.7
Tanzania,16.9,0,0,0,0,17,0,0,0,0,17,0,0,0,0,17,0,0,0,0,16.8,0,0,0,0,16.7,0,0,0,0,16.6,0,0,0,0,16.7,0,0,0,0,16.8,0,0,0,0,17,0,0,0,0,17.2,0,0,0,0,17.2,0,0,0,0,17.2,0,0,0,0,17.3,0,0,0,0,17.7,0,0,0,0,18.3,0,0,0,0,19,0,0,0,0,19.7,0,0,0,0,20.5,0,0,0,0,21.4,0,0,0,0,22.3,0,0,0,0,23.2,0,0,0,0,24.2,0,0,0,0,25.3,0,0,0,0,26.4,0,0,0,0,27.4,0,0,0,0,28.5,0,0,0,0,29.6,0,0,0,0,30.7,0,0,0,0,31.8,0,0,0,0,32.8
Thailand,18.6,0,0,0,0,18.9,0,0,0,0,18.8,0,0,0,0,18.3,0,0,0,0,18,0,0,0,0,18.5,0,0,0,0,19.7,0,0,0,0,21.8,0,0,0,0,24.3,0,0,0,0,26.6,0,0,0,0,30.1,0,0,0,0,32.7,0,0,0,0,35.5,0,0,0,0,37.8,0,0,0,0,40.1,0,0,0,0,42.1,0,0,0,0,43.8,0,0,0,0,45.1,0,0,0,0,46.6,0,0,0,0,48,0,0,0,0,49.2,0,0,0,0,50,0,0,0,0,50.6,0,0,0,0,51.1,0,0,0,0,51.1,0,0,0,0,51,0,0,0,0,50.9,0,0,0,0,50.9,0,0,0,0,50.9,0,0,0,0,50.7,0,0,0,0,50.5
Timor-Leste,19.6,0,0,0,0,19.2,0,0,0,0,19,0,0,0,0,18.9,0,0,0,0,19,0,0,0,0,19.2,0,0,0,0,19.3,0,0,0,0,19.5,0,0,0,0,19.8,0,0,0,0,19.9,0,0,0,0,14.8,0,0,0,0,15.4,0,0,0,0,17.1,0,0,0,0,17.4,0,0,0,0,18,0,0,0,0,18.5,0,0,0,0,19.2,0,0,0,0,20,0,0,0,0,21,0,0,0,0,22.1,0,0,0,0,23.4,0,0,0,0,24.7,0,0,0,0,26.2,0,0,0,0,27.7,0,0,0,0,29.2,0,0,0,0,30.7,0,0,0,0,32.3,0,0,0,0,33.8,0,0,0,0,35.2,0,0,0,0,36.7,0,0,0,0,38.1
Togo,19.4,0,0,0,0,18.9,0,0,0,0,18.5,0,0,0,0,18.1,0,0,0,0,17.6,0,0,0,0,17.1,0,0,0,0,16.8,0,0,0,0,16.7,0,0,0,0,16.8,0,0,0,0,17,0,0,0,0,17.9,0,0,0,0,18.3,0,0,0,0,18.6,0,0,0,0,18.9,0,0,0,0,19.4,0,0,0,0,20.2,0,0,0,0,21.2,0,0,0,0,22.1,0,0,0,0,23,0,0,0,0,23.8,0,0,0,0,24.7,0,0,0,0,25.6,0,0,0,0,26.5,0,0,0,0,27.5,0,0,0,0,28.4,0,0,0,0,29.3,0,0,0,0,30.2,0,0,0,0,31.1,0,0,0,0,32,0,0,0,0,32.9,0,0,0,0,33.8
Tonga,15.5,0,0,0,0,17.3,0,0,0,0,17.3,0,0,0,0,16.9,0,0,0,0,15.9,0,0,0,0,16.9,0,0,0,0,18.3,0,0,0,0,18.4,0,0,0,0,19.7,0,0,0,0,19.8,0,0,0,0,19.9,0,0,0,0,21.1,0,0,0,0,21.2,0,0,0,0,21.3,0,0,0,0,22.3,0,0,0,0,23.4,0,0,0,0,24.5,0,0,0,0,25.7,0,0,0,0,26.6,0,0,0,0,27.5,0,0,0,0,28.3,0,0,0,0,29.4,0,0,0,0,30.5,0,0,0,0,31.9,0,0,0,0,33.2,0,0,0,0,34.6,0,0,0,0,35.9,0,0,0,0,37.1,0,0,0,0,38.2,0,0,0,0,39.2,0,0,0,0,40.1
Trinidad and Tobago,20.9,0,0,0,0,19.4,0,0,0,0,18.7,0,0,0,0,18.3,0,0,0,0,18.8,0,0,0,0,20.1,0,0,0,0,21.7,0,0,0,0,22.7,0,0,0,0,24.1,0,0,0,0,25.7,0,0,0,0,27.8,0,0,0,0,29.9,0,0,0,0,31.9,0,0,0,0,33.9,0,0,0,0,36.2,0,0,0,0,38.3,0,0,0,0,40.2,0,0,0,0,41.3,0,0,0,0,41.8,0,0,0,0,42.1,0,0,0,0,42.8,0,0,0,0,43.6,0,0,0,0,44.5,0,0,0,0,45,0,0,0,0,45,0,0,0,0,44.9,0,0,0,0,44.8,0,0,0,0,45.1,0,0,0,0,45.5,0,0,0,0,45.8,0,0,0,0,45.9
Tunisia,20.3,0,0,0,0,19.4,0,0,0,0,18.5,0,0,0,0,17.5,0,0,0,0,17,0,0,0,0,17.8,0,0,0,0,18.6,0,0,0,0,19.9,0,0,0,0,21.3,0,0,0,0,23.1,0,0,0,0,25.1,0,0,0,0,27.2,0,0,0,0,29.2,0,0,0,0,31.1,0,0,0,0,32.7,0,0,0,0,34.5,0,0,0,0,36.2,0,0,0,0,37.6,0,0,0,0,38.5,0,0,0,0,39.2,0,0,0,0,39.9,0,0,0,0,41.3,0,0,0,0,42.6,0,0,0,0,43.9,0,0,0,0,44.8,0,0,0,0,45.3,0,0,0,0,45.5,0,0,0,0,45.8,0,0,0,0,46.4,0,0,0,0,47.1,0,0,0,0,47.7
Turkey,19.7,0,0,0,0,19.8,0,0,0,0,19.4,0,0,0,0,19.1,0,0,0,0,19,0,0,0,0,19.6,0,0,0,0,20,0,0,0,0,21,0,0,0,0,22.1,0,0,0,0,23.5,0,0,0,0,24.9,0,0,0,0,26.6,0,0,0,0,28.3,0,0,0,0,29.9,0,0,0,0,31.6,0,0,0,0,33.3,0,0,0,0,35,0,0,0,0,36.8,0,0,0,0,38.6,0,0,0,0,40.3,0,0,0,0,41.8,0,0,0,0,43.3,0,0,0,0,44.6,0,0,0,0,45.8,0,0,0,0,46.8,0,0,0,0,47.6,0,0,0,0,48.3,0,0,0,0,48.9,0,0,0,0,49.4,0,0,0,0,49.8,0,0,0,0,50.2
Turkmenistan,23.5,0,0,0,0,23,0,0,0,0,21.7,0,0,0,0,18.7,0,0,0,0,17.7,0,0,0,0,18,0,0,0,0,18.7,0,0,0,0,19.4,0,0,0,0,19.6,0,0,0,0,20.1,0,0,0,0,21.7,0,0,0,0,23,0,0,0,0,24.4,0,0,0,0,25.6,0,0,0,0,26.9,0,0,0,0,28,0,0,0,0,28.8,0,0,0,0,29.6,0,0,0,0,30.3,0,0,0,0,31.8,0,0,0,0,33.1,0,0,0,0,34.4,0,0,0,0,35.5,0,0,0,0,36.3,0,0,0,0,37,0,0,0,0,37.7,0,0,0,0,38.6,0,0,0,0,39.5,0,0,0,0,40.5,0,0,0,0,41.2,0,0,0,0,41.8
Uganda,18.2,0,0,0,0,17.7,0,0,0,0,17.1,0,0,0,0,16.7,0,0,0,0,16.5,0,0,0,0,16.4,0,0,0,0,16.2,0,0,0,0,16.1,0,0,0,0,15.9,0,0,0,0,15.5,0,0,0,0,15.2,0,0,0,0,15.1,0,0,0,0,15.3,0,0,0,0,15.8,0,0,0,0,16.4,0,0,0,0,17.2,0,0,0,0,17.9,0,0,0,0,18.8,0,0,0,0,19.7,0,0,0,0,20.7,0,0,0,0,21.9,0,0,0,0,23.1,0,0,0,0,24.2,0,0,0,0,25.5,0,0,0,0,26.8,0,0,0,0,28.1,0,0,0,0,29.3,0,0,0,0,30.7,0,0,0,0,32,0,0,0,0,33.2,0,0,0,0,34.5
Ukraine,27.6,0,0,0,0,28.3,0,0,0,0,28.9,0,0,0,0,29.8,0,0,0,0,32,0,0,0,0,33.3,0,0,0,0,33.5,0,0,0,0,34,0,0,0,0,35.3,0,0,0,0,36.4,0,0,0,0,37.8,0,0,0,0,39.1,0,0,0,0,39.5,0,0,0,0,40.3,0,0,0,0,41.4,0,0,0,0,42.8,0,0,0,0,44.4,0,0,0,0,46,0,0,0,0,46.9,0,0,0,0,46.6,0,0,0,0,45.4,0,0,0,0,45.4,0,0,0,0,45.7,0,0,0,0,46,0,0,0,0,46,0,0,0,0,45.7,0,0,0,0,45.2,0,0,0,0,45.1,0,0,0,0,45.5,0,0,0,0,46,0,0,0,0,46.5
United Arab Emirates,18.9,0,0,0,0,18.4,0,0,0,0,17.7,0,0,0,0,20.2,0,0,0,0,22.7,0,0,0,0,25.4,0,0,0,0,26.2,0,0,0,0,26.3,0,0,0,0,26.7,0,0,0,0,27.8,0,0,0,0,28.1,0,0,0,0,29.8,0,0,0,0,31.9,0,0,0,0,33.4,0,0,0,0,34,0,0,0,0,34.7,0,0,0,0,35.5,0,0,0,0,36.7,0,0,0,0,38,0,0,0,0,39.2,0,0,0,0,40.4,0,0,0,0,41.5,0,0,0,0,42.3,0,0,0,0,42.9,0,0,0,0,43.3,0,0,0,0,43.8,0,0,0,0,44.3,0,0,0,0,44.7,0,0,0,0,45.1,0,0,0,0,45.4,0,0,0,0,45.7
United Kingdom,34.9,0,0,0,0,35.1,0,0,0,0,35.6,0,0,0,0,35.1,0,0,0,0,34.2,0,0,0,0,34,0,0,0,0,34.4,0,0,0,0,35.4,0,0,0,0,35.8,0,0,0,0,36.5,0,0,0,0,37.6,0,0,0,0,38.7,0,0,0,0,39.6,0,0,0,0,40.2,0,0,0,0,40.8,0,0,0,0,41.5,0,0,0,0,42.4,0,0,0,0,43.2,0,0,0,0,43.8,0,0,0,0,43.9,0,0,0,0,43.9,0,0,0,0,44.2,0,0,0,0,44.7,0,0,0,0,45.1,0,0,0,0,45.5,0,0,0,0,45.8,0,0,0,0,46,0,0,0,0,46.3,0,0,0,0,46.7,0,0,0,0,47.2,0,0,0,0,47.7
United States,30.2,0,0,0,0,30.3,0,0,0,0,29.8,0,0,0,0,28.6,0,0,0,0,28.4,0,0,0,0,29,0,0,0,0,30,0,0,0,0,31.4,0,0,0,0,32.8,0,0,0,0,34,0,0,0,0,35.2,0,0,0,0,36.1,0,0,0,0,36.9,0,0,0,0,37.6,0,0,0,0,38.3,0,0,0,0,39,0,0,0,0,39.8,0,0,0,0,40.6,0,0,0,0,41.2,0,0,0,0,41.7,0,0,0,0,42,0,0,0,0,42.3,0,0,0,0,42.5,0,0,0,0,42.9,0,0,0,0,43.4,0,0,0,0,43.8,0,0,0,0,44.2,0,0,0,0,44.5,0,0,0,0,44.7,0,0,0,0,45,0,0,0,0,45.3
Uruguay,27.8,0,0,0,0,28.4,0,0,0,0,28.9,0,0,0,0,29.3,0,0,0,0,29.6,0,0,0,0,30,0,0,0,0,30.1,0,0,0,0,30.4,0,0,0,0,30.7,0,0,0,0,31.1,0,0,0,0,31.6,0,0,0,0,32.6,0,0,0,0,33.7,0,0,0,0,34.9,0,0,0,0,35.6,0,0,0,0,36.6,0,0,0,0,37.8,0,0,0,0,39.1,0,0,0,0,40.3,0,0,0,0,41.5,0,0,0,0,42.5,0,0,0,0,43.5,0,0,0,0,44.4,0,0,0,0,45.2,0,0,0,0,46,0,0,0,0,46.7,0,0,0,0,47.3,0,0,0,0,47.8,0,0,0,0,48.2,0,0,0,0,48.6,0,0,0,0,48.9
Uzbekistan,23.9,0,0,0,0,23.6,0,0,0,0,22.2,0,0,0,0,19,0,0,0,0,17.5,0,0,0,0,18,0,0,0,0,18.9,0,0,0,0,19.6,0,0,0,0,19.6,0,0,0,0,19.8,0,0,0,0,21,0,0,0,0,22.8,0,0,0,0,24.5,0,0,0,0,26.3,0,0,0,0,28.2,0,0,0,0,30.2,0,0,0,0,31.9,0,0,0,0,33.2,0,0,0,0,34.3,0,0,0,0,35.7,0,0,0,0,37.2,0,0,0,0,38.7,0,0,0,0,40.2,0,0,0,0,41.3,0,0,0,0,42.1,0,0,0,0,42.7,0,0,0,0,43.3,0,0,0,0,44,0,0,0,0,44.7,0,0,0,0,45.4,0,0,0,0,45.9
Vanuatu,16.8,0,0,0,0,16.8,0,0,0,0,16.8,0,0,0,0,16.8,0,0,0,0,17.3,0,0,0,0,17.3,0,0,0,0,17.5,0,0,0,0,17.8,0,0,0,0,18.1,0,0,0,0,18.5,0,0,0,0,18.9,0,0,0,0,19.8,0,0,0,0,21.2,0,0,0,0,22.2,0,0,0,0,23.1,0,0,0,0,24.2,0,0,0,0,25.1,0,0,0,0,26.5,0,0,0,0,27.7,0,0,0,0,28.9,0,0,0,0,30,0,0,0,0,31.2,0,0,0,0,32.3,0,0,0,0,33.5,0,0,0,0,34.6,0,0,0,0,35.7,0,0,0,0,36.9,0,0,0,0,38,0,0,0,0,39.1,0,0,0,0,40.2,0,0,0,0,41.2
Venezuela,17.2,0,0,0,0,17.3,0,0,0,0,17.1,0,0,0,0,16.6,0,0,0,0,16.8,0,0,0,0,17.7,0,0,0,0,18.7,0,0,0,0,19.9,0,0,0,0,21,0,0,0,0,22,0,0,0,0,23.1,0,0,0,0,24.4,0,0,0,0,25.8,0,0,0,0,27.4,0,0,0,0,29,0,0,0,0,30.5,0,0,0,0,32,0,0,0,0,33.5,0,0,0,0,34.9,0,0,0,0,36.4,0,0,0,0,37.9,0,0,0,0,39.3,0,0,0,0,40.6,0,0,0,0,41.8,0,0,0,0,43,0,0,0,0,44,0,0,0,0,45,0,0,0,0,45.8,0,0,0,0,46.5,0,0,0,0,47.1,0,0,0,0,47.7
Vietnam,24.5,0,0,0,0,23.6,0,0,0,0,21.9,0,0,0,0,19.2,0,0,0,0,18.2,0,0,0,0,18.3,0,0,0,0,19.1,0,0,0,0,20,0,0,0,0,21,0,0,0,0,22.2,0,0,0,0,24.2,0,0,0,0,26.4,0,0,0,0,28.5,0,0,0,0,30.4,0,0,0,0,32.6,0,0,0,0,34.7,0,0,0,0,36.9,0,0,0,0,38.9,0,0,0,0,40.2,0,0,0,0,41.1,0,0,0,0,42,0,0,0,0,43,0,0,0,0,44.1,0,0,0,0,45.1,0,0,0,0,45.9,0,0,0,0,46.3,0,0,0,0,46.4,0,0,0,0,46.4,0,0,0,0,46.5,0,0,0,0,46.9,0,0,0,0,47.4
Yemen,18.9,0,0,0,0,18.7,0,0,0,0,18.5,0,0,0,0,18.4,0,0,0,0,17.6,0,0,0,0,16.2,0,0,0,0,15.2,0,0,0,0,14.7,0,0,0,0,14.3,0,0,0,0,14.9,0,0,0,0,15.6,0,0,0,0,16.8,0,0,0,0,18,0,0,0,0,19.2,0,0,0,0,20.3,0,0,0,0,21.5,0,0,0,0,22.8,0,0,0,0,24.3,0,0,0,0,25.9,0,0,0,0,27.6,0,0,0,0,29.3,0,0,0,0,31,0,0,0,0,32.7,0,0,0,0,34.3,0,0,0,0,35.8,0,0,0,0,37.3,0,0,0,0,38.6,0,0,0,0,39.9,0,0,0,0,41.1,0,0,0,0,42.2,0,0,0,0,43.1
Zambia,17.5,0,0,0,0,17.5,0,0,0,0,17.2,0,0,0,0,16.8,0,0,0,0,16.4,0,0,0,0,16.1,0,0,0,0,16.1,0,0,0,0,16.3,0,0,0,0,16.4,0,0,0,0,16.5,0,0,0,0,16.6,0,0,0,0,16.4,0,0,0,0,16.5,0,0,0,0,17.1,0,0,0,0,17.7,0,0,0,0,18.4,0,0,0,0,19,0,0,0,0,19.6,0,0,0,0,20.4,0,0,0,0,21.3,0,0,0,0,22.1,0,0,0,0,23,0,0,0,0,23.8,0,0,0,0,24.7,0,0,0,0,25.6,0,0,0,0,26.6,0,0,0,0,27.5,0,0,0,0,28.4,0,0,0,0,29.4,0,0,0,0,30.3,0,0,0,0,31.3
Zimbabwe,19,0,0,0,0,18.2,0,0,0,0,17.4,0,0,0,0,16.3,0,0,0,0,15.8,0,0,0,0,15.7,0,0,0,0,15.4,0,0,0,0,15.9,0,0,0,0,16.6,0,0,0,0,17.2,0,0,0,0,17.8,0,0,0,0,18.3,0,0,0,0,18.6,0,0,0,0,19,0,0,0,0,19.6,0,0,0,0,20.5,0,0,0,0,21.8,0,0,0,0,23.2,0,0,0,0,24.7,0,0,0,0,26.2,0,0,0,0,27.7,0,0,0,0,29.1,0,0,0,0,30.5,0,0,0,0,32,0,0,0,0,33.5,0,0,0,0,34.9,0,0,0,0,36.3,0,0,0,0,37.7,0,0,0,0,39,0,0,0,0,40.1,0,0,0,0,41.1
